MATERIAL_NO,MDM_MATCH,MANUFACTURER_NAME_1,MANUFACTURER_PT_NO_1,NOUN_ENGLISH,MODIFIER_ENGLISH,
1000183,No,,2/BX78,BELT,V,BELT|V
1000184,No,GOODYEAR,2/BX100,BELT,V,BELT|V
1000185,No,BROWNING,2/BX105,BELT,V,BELT|V
1000186,No,,3/5V750,BELT,V,BELT|V
1000187,No,GATES,5/5V1400,BELT,V,BELT|V
1000190,No,,5/5VX1180,BELT,V,BELT|V
1000437,No,,2/5VX950,BELT,V,BELT|V
1004618,No,GATES,4/BX112,BELT,V,BELT|V
1004630,Yes,GATES,5VX1400,BELT,V,
1004632,Yes,GATES,BX144,BELT,V,
1004634,Yes,GATES,BX95,BELT,V,
1004636,Yes,GATES,BX90,BELT,V,
1004638,Yes,GOODYEAR,BX100,BELT,V,
1004653,Yes,GATES,5VX1500,BELT,V,
1004658,Yes,GATES,3500-14M-37,BELT,TIMING,
1004666,No,GATES,23/5VX2000,BELT,V,BELT|V
1004674,No,GATES,4/5VX2000,BELT,V,BELT|V
1004675,No,GATES,4/8V2650,BELT,V,BELT|V
1004683,No,GATES,5/8V2240,BELT,V,BELT|V
1004706,Yes,GATES,3136-14M-68,BELT,TIMING,
1004735,No,GATES,3/3VX1180,BELT,V,BELT|V
1004802,No,GATES,5/3VX1250,BELT,V,BELT|V
1004809,No,GATES,2/BX66,BELT,V,BELT|V
1004810,No,GATES,3/B58,BELT,V,BELT|V
1004823,No,GATES,4/5V1500,BELT,V,BELT|V
1004826,Yes,GATES,AX53,BELT,V,
1004855,No,GATES,6/8V2500,BELT,V,BELT|V
1004865,No,GATES,6600-20M-340,BELT,TIMING,BELT|TIMING
1005161,No,GATES,2/5V1800,BELT,V,BELT|V
1005197,No,GATES,4/BP144,BELT,V,BELT|V
1005677,No,GATES,2/BX42,BELT,V,BELT|V
1005678,Yes,GATES,3VX750,BELT,V,
1006213,Yes,GATES,BX35,BELT,V,
1006851,New,GATES,5VX1600,BELT,V,BELT|V
1007224,New,GATES,BX73,BELT,V,BELT|V
1007362,No,GATES,3/B61,BELT,V,BELT|V
1008565,No,STERLING BLOWER,100000043,BELT,TIMING,BELT|TIMING
1008856,No,GATES,3/8V2120,BELT,V,BELT|V
1020250,No,GATES,3/BX136,BELT,V,BELT|V
1020251,Yes,GOODYEAR,3500-14M-85,BELT,TIMING,
1020252,No,HUDSON PRODUCTS,5/BX158,BELT,V,BELT|V
1020254,No,,3850-14MGT-115,BELT,TIMING,BELT|TIMING
1020276,No,TRANE,4L610,BELT,V,BELT|V
1025982,Yes,GATES,A36,BELT,V,
1025983,No,TB WOODS,A46,BELT,V,BELT|V
1025984,Yes,DAYCO PRODUCTS,AX37,BELT,V,
1025985,No,TB WOODS,A38,BELT,V,BELT|V
1025986,Yes,GOODYEAR,A42,BELT,V,
1025987,No,GATES,1440,BELT,V,BELT|V
1025988,No,TB WOODS,A46,BELT,V,BELT|V
1025989,Yes,GOODYEAR,A53,BELT,V,
1025990,No,TB WOODS,A55,BELT,V,BELT|V
1025991,Yes,GOODRICH B F,4L240,BELT,V,
1025992,Yes,GATES,2260,BELT,V,
1025993,Yes,GATES,2270,BELT,V,
1025994,Yes,GATES,2300,BELT,V,
1025995,Yes,GATES,2370,BELT,V,
1025997,Yes,GATES,B51,BELT,V,
1025998,Yes,GOODYEAR,B60,BELT,V,
1025999,No,TB WOODS,BP144,BELT,V,BELT|V
1026000,No,GATES,4/B136,BELT,V,BELT|V
1026002,No,GOODYEAR,BP158,BELT,V,BELT|V
1026005,No,GOODYEAR,C240,BELT,V,BELT|V
1026006,Yes,GOODYEAR,1922V484,BELT,V,
1026007,New,GOODYEAR,1922V403,BELT,V,BELT|V
1026008,Yes,GATES,2230V275,BELT,V,
1026009,No,GOODRICH B F,2830V2367,BELT,V,BELT|V
1026010,No,GOODYEAR,14-2,BELT,V,BELT|V
1026013,Yes,GOODYEAR,3226V545,BELT,V,
1026014,Yes,GOODYEAR,322L050,BELT,TIMING,
1026015,No,GOODYEAR,3/3V710,BELT,V,BELT|V
1026016,No,TB WOODS,3V950,BELT,V,BELT|V
1026018,No,GOODYEAR,5VX1250M,BELT,V,BELT|V
1026019,Yes,GOODYEAR,5V1600,BELT,V,
1026243,Yes,GOODYEAR,5130V732,BELT,V,
1026509,No,DODGE,3V710,BELT,V,BELT|V
1031294,Yes,DAYCO PRODUCTS,4L280,BELT,V,
1034252,Yes,GOODYEAR,2/3V850,BELT,V,
1034547,Yes,GATES,3850-14MGT-85,BELT,TIMING,
1034637,No,GOODYEAR,BP53,BELT,V,BELT|V
1035070,No,GATES,468GS,BELT,V,BELT|V
1035804,No,TB WOODS,5/5V1600,BELT,V,BELT|V
1036181,No,GATES,5/3VX900,BELT,V,BELT|V
1036209,No,GATES,3/3VX630,BELT,V,BELT|V
1037180,Yes,GOODYEAR,3V1000,BELT,V,
1037443,No,TB WOODS,5VX1180,BELT,V,BELT|V
1037635,New,GOODYEAR,3VX1000,BELT,V,BELT|V
1038258,No,GOODYEAR,8/220J8,BELT,V,BELT|V
1043939,No,GATES,252000,BELT,V,BELT|V
1045394,New,GATES,A71,BELT,V,BELT|V
1052995,Yes,CARTER DAY INTERNATIONAL,413377,BELT,TIMING,
1058311,No,DAYCO PRODUCTS,2/5VX1060,BELT,V,BELT|V
1058342,No,DAYCO PRODUCTS,3360-14M-44,BELT,TIMING,BELT|TIMING
1060421,Yes,GATES,B55,BELT,V,
1060535,Yes,GATES,A32,BELT,V,
1060636,No,K-TRON,9142-70002,BELT,TIMING,BELT|TIMING
1060738,Yes,GATES,4L350,BELT,V,
1061141,Yes,GATES,C225,BELT,V,
1061174,Yes,GATES,B60,BELT,V,
1061608,New,GATES,B195,BELT,V,BELT|V
1061609,Yes,GATES,B103,BELT,V,
1061649,No,GATES,5/5VX1120,BELT,V,BELT|V
1061701,Yes,GATES,B76,BELT,V,
1061832,Yes,GATES,3VX710,BELT,V,
1062339,Yes,GATES,CX144,BELT,V,
1062431,Yes,GATES,B55,BELT,V,
1062597,Yes,GATES,B42,BELT,V,
1062598,Yes,GATES,3/B120,BELT,V,
1062991,Yes,GATES,3VX600,BELT,V,
1063361,Yes,GATES,5VX1800,BELT,V,
1063997,New,GATES,3/5VX1000,BELT,V,BELT|V
1064191,No,DODGE,107154,BELT,V,BELT|V
1064192,Yes,GATES,8V2120,BELT,V,
1064440,No,CARTER DAY INTERNATIONAL,413512,BELT,TIMING,BELT|TIMING
1064562,No,BROWNING,3L230,BELT,V,BELT|V
1065039,Yes,GATES,A51,BELT,V,
1065361,Yes,GATES,3V1120,BELT,V,
1065389,No,GATES,2322V441-EB,BELT,V,BELT|V
1065395,Yes,GATES,B53,BELT,V,
1065478,Yes,GATES,1600-8MGT-20,BELT,TIMING,
1065636,Yes,GATES,B56,BELT,V,
1065969,Yes,GATES,A68,BELT,V,
1065971,Yes,GATES,3VX670,BELT,V,
1065987,Yes,GATES,B51,BELT,V,
1065988,No,GATES,C68,BELT,V,BELT|V
1066518,Yes,GATES,BX68,BELT,V,
1066536,Yes,GATES,5VX1700,BELT,V,
1066897,Yes,,225L050,BELT,TIMING,
1067023,Yes,GATES,800-8M-12,BELT,TIMING,
1067159,Yes,GATES,A39,BELT,V,
1067269,Yes,GATES,5VX750,BELT,V,
1067409,Yes,GATES,B82,BELT,V,
1067441,Yes,GATES,2230V275,BELT,V,
1067622,Yes,GATES,BX46,BELT,V,
1067678,Yes,GATES,3L200,BELT,V,
1067916,Yes,GATES,A46,BELT,V,
1068290,Yes,GATES,5V1120,BELT,V,
1068910,No,,3/B73,BELT,V,BELT|V
1069043,Yes,INGERSOLL RAND,39158324,BELT,V,
1069109,Yes,GATES,B64,BELT,V,
1069233,Yes,GATES,2500,BELT,V,
1069380,No,COG,3360-14M-55,BELT,TIMING,BELT|TIMING
1069720,Yes,GATES,5V1250,BELT,V,
1069792,Yes,GATES,B75,BELT,V,
1070219,Yes,GATES,B62,BELT,V,
1070229,New,GATES,8V2240,BELT,V,BELT|V
1070399,New,GATES,5VX1900,BELT,V,BELT|V
1070545,Yes,GATES,BX103,BELT,V,
1070587,Yes,GATES,BX85,BELT,V,
1070865,Yes,GATES,5V2120,BELT,V,
1071019,Yes,GATES,B57,BELT,V,
1071320,Yes,GATES,5VX1500,BELT,V,
1071354,New,GATES,5VX2000,BELT,V,BELT|V
1071596,No,GATES,2/5VX670,BELT,V,BELT|V
1072145,Yes,GATES,B83,BELT,V,
1072254,Yes,GATES,A85,BELT,V,
1072328,Yes,GATES,4L600,BELT,V,
1072627,Yes,DAYCO PRODUCTS,3VX475,BELT,V,
1072628,Yes,GATES,3V530,BELT,V,
1072697,Yes,GATES,3V800,BELT,V,
1072909,No,,3360-14M-85,BELT,TIMING,BELT|TIMING
1073141,Yes,GATES,B120,BELT,V,
1073193,New,GATES,2/B120,BELT,V,BELT|V
1073905,Yes,GATES,5VGX1000,BELT,V,
1074028,Yes,GATES,5V1180,BELT,V,
1074735,Yes,GATES,A93,BELT,V,
1074909,Yes,GATES,3VX800,BELT,V,
1075058,Yes,BROWNING,285L050,BELT,TIMING,
1075105,Yes,GATES,A38,BELT,V,
1075296,No,,02/200210,BELT,V,BELT|V
1075313,Yes,GATES,B71,BELT,V,
1075637,Yes,GATES,C75,BELT,V,
1075717,Yes,BROWNING,300L050,BELT,TIMING,
1075718,Yes,GATES,AX75,BELT,V,
1076296,Yes,GATES,5VX1400,BELT,V,
1076297,Yes,GATES,A30,BELT,V,
1076635,Yes,GATES,2430,BELT,V,
1076871,No,,3150-14M-85,BELT,TIMING,BELT|TIMING
1077619,Yes,GATES,5VX1600,BELT,V,
1077731,Yes,GATES,5VX1500,BELT,V,
1077732,Yes,GATES,B83,BELT,V,
1078587,Yes,GATES,B85,BELT,V,
1078796,Yes,GATES,5VX1320,BELT,V,
1078874,Yes,GATES,BX128,BELT,V,
1078943,Yes,GATES,B80,BELT,V,
1078979,No,GATES,30X950,BELT,V,BELT|V
1079011,Yes,GATES,5V900,BELT,V,
1079257,Yes,GATES,B112,BELT,V,
1079457,No,BROWNING,4L310,BELT,V,BELT|V
1079678,Yes,GATES,5V2240,BELT,V,
1079679,Yes,GATES,B93,BELT,V,
1079727,Yes,GATES,3VX450,BELT,V,
1080273,Yes,GATES,3VX1250,BELT,V,
1080274,Yes,GATES,A77,BELT,V,
1080275,No,GATES,3/5VX950,BELT,V,BELT|V
1080346,Yes,GATES,3L190,BELT,V,
1080469,Yes,GATES,BX97,BELT,V,
1081197,No,,3136-14MGT-37,BELT,TIMING,BELT|TIMING
1081275,Yes,GATES,5V1000,BELT,V,
1081505,Yes,GATES,3VX1060,BELT,V,
1081581,Yes,GATES,A53,BELT,V,
1082050,Yes,GATES,B58,BELT,V,
1082065,Yes,GATES,5VX1700,BELT,V,
1082413,Yes,GATES,255L050,BELT,TIMING,
1082642,Yes,GATES,B50,BELT,V,
1082684,Yes,GATES,3VX425,BELT,V,
1083294,No,PULSAFEEDER,W201498,BELT,TIMING,BELT|TIMING
1083439,New,GATES,5V800,BELT,V,BELT|V
1083599,Yes,GATES,A44,BELT,V,
1084570,Yes,GATES,5VX800,BELT,V,
1084972,No,GATES,5/5V1250,BELT,V,BELT|V
1085123,Yes,GATES,3V670,BELT,V,
1085533,New,GATES,5V850,BELT,V,BELT|V
1085723,Yes,GATES,1120-8M-50,BELT,TIMING,
1085773,New,GOODYEAR,2100-14M-115,BELT,TIMING,BELT|TIMING
1087070,Yes,GATES,1400XXH500,BELT,TIMING,
1087272,Yes,GATES,C85,BELT,V,
1087972,Yes,DAYTON,900H300,BELT,TIMING,
1088167,No,GATES,1610-14M-170,BELT,TIMING,BELT|TIMING
1088289,Yes,GATES,2830V363,BELT,V,
1088729,New,GATES,3/5V2000,BELT,V,BELT|V
1089178,Yes,GATES,5L340,BELT,V,
1089208,Yes,GATES,B49,BELT,V,
1089441,Yes,GATES,5L240,BELT,V,
1089454,Yes,GATES,B45,BELT,V,
1089741,No,GATES,C68,BELT,V,BELT|V
1089774,Yes,GATES,3V630,BELT,V,
1090096,Yes,GATES,4L260,BELT,V,
1090247,No,GATES,4/B51,BELT,V,BELT|V
1090373,Yes,GATES,2830V363,BELT,V,
1090801,No,GATES,4/8V1000,BELT,V,BELT|V
1090979,No,GATES,DD22390L075,BELT,TIMING,BELT|TIMING
1091304,Yes,GATES,3VX500,BELT,V,
1091378,New,GOODYEAR,A49,BELT,V,BELT|V
1091514,Yes,GATES,A40,BELT,V,
1092027,No,GATES,5/B120,BELT,V,BELT|V
1092378,No,GATES,2100-14M-85,BELT,TIMING,BELT|TIMING
1092726,Yes,GATES,C240,BELT,V,
1093348,No,GATES,2826V452,BELT,V,BELT|V
1093377,Yes,GATES,A90,BELT,V,
1093626,No,GATES,1890-14M-1155EE,BELT,TIMING,BELT|TIMING
1093633,No,GATES,4/3VX1180,BELT,V,BELT|V
1093652,Yes,GATES,3V630,BELT,V,
1094426,Yes,GATES,A46,BELT,V,
1094740,New,GATES,5/5V2120,BELT,V,BELT|V
1095166,No,GATES,3/C128,BELT,V,BELT|V
1095204,Yes,GATES,3VX560,BELT,V,
1095618,Yes,GATES,A42,BELT,V,
1096173,Yes,GATES,270L050,BELT,TIMING,
1096853,Yes,GATES,A60,BELT,V,
1096990,Yes,GATES,4L500,BELT,V,
1097641,Yes,GATES,AX55,BELT,V,
1097693,Yes,GATES,B34,BELT,V,
1098224,No,GATES,2310-14M-85,BELT,TIMING,BELT|TIMING
1098527,Yes,GATES,5L330,BELT,V,
1099234,No,GATES,3920-14M-68,BELT,TIMING,BELT|TIMING
1099243,Yes,GATES,AX26,BELT,V,
1099310,Yes,GATES,630H075,BELT,TIMING,
1099381,Yes,GATES,B61,BELT,V,
1100213,New,GATES,2830V393,BELT,V,BELT|V
1100413,No,GATES,966-14M-115,BELT,TIMING,BELT|TIMING
1100654,Yes,GATES,1120XH300,BELT,TIMING,
1100940,No,GATES,1400-14M-40,BELT,TIMING,BELT|TIMING
1101050,Yes,BROWNING,600L100,BELT,TIMING,
1101140,No,GATES,3/B46,BELT,V,BELT|V
1101283,Yes,GATES,4L360,BELT,V,
1101423,Yes,GATES,3L400,BELT,V,
1101473,Yes,GATES,2240-14M-68,BELT,TIMING,
1101927,No,GATES,2310-14M-170,BELT,TIMING,BELT|TIMING
1102005,New,GATES,4/C105,BELT,V,BELT|V
1102401,No,GATES,3360-14M-85,BELT,TIMING,BELT|TIMING
1103110,Yes,GATES,CV450,BELT,V,
1103157,Yes,,DY10123,BELT,TIMING,
1103414,Yes,GATES,2230V326,BELT,V,
1103541,No,GATES,1600XXHA250,BELT,TIMING,BELT|TIMING
1104037,Yes,GATES,367L075,BELT,TIMING,
1104363,Yes,GATES,3V335,BELT,V,
1104477,Yes,BROWNING,322L050,BELT,TIMING,
1104826,No,GATES,2/3VX500,BELT,V,BELT|V
1105563,No,,2290 UIK,BELT,V,BELT|V
1105690,Yes,GATES,A43,BELT,V,
1105714,No,,5/5V950,BELT,V,BELT|V
1105758,No,CARTER DAY INTERNATIONAL,C96,BELT,V,BELT|V
1105857,No,,3V400,BELT,V,BELT|V
1105888,Yes,FS ELLIOT,23111396,BELT,V,
1105940,New,GATES,5V670,BELT,V,BELT|V
1105965,Yes,,4L240,BELT,V,
1106022,No,FS ELLIOT,23100753,BELT,V,BELT|V
1106276,Yes,,5V1320,BELT,V,
1106750,No,,4/5V1500,BELT,V,BELT|V
1107388,No,BROWNING,8V2000,BELT,V,BELT|V
1107438,No,,3/3V400,BELT,V,BELT|V
1108056,No,DOALL SOUTH BEND,4L260,BELT,V,BELT|V
1108485,Yes,,B48,BELT,V,
1108875,No,FS ELLIOT,5V1600,BELT,V,BELT|V
1109208,Yes,,5V1900,BELT,V,
1109238,No,,225L050,BELT,TIMING,BELT|TIMING
1109520,No,GRAVER WATER,B42,BELT,V,BELT|V
1109829,Yes,GATES,3VX530,BELT,V,
1110020,No,,BX93,BELT,V,BELT|V
1110129,No,HYTROL,AP26,BELT,V,BELT|V
1110367,Yes,GATES,4L380,BELT,V,
1110426,New,GATES,4/5V2360,BELT,V,BELT|V
1111532,No,,3L440,BELT,V,BELT|V
1111610,Yes,FS ELLIOT,23018740,BELT,V,
1111657,No,FS ELLIOT,2/3V800,BELT,V,BELT|V
1111883,No,FS ELLIOT,B54,BELT,V,BELT|V
1112313,No,GOODRICH B F,5V1500,BELT,V,BELT|V
1112420,No,FS ELLIOT,3V425,BELT,V,BELT|V
1112941,No,FS ELLIOT,3/5V1700,BELT,V,BELT|V
1113652,No,,B56,BELT,V,BELT|V
1113799,No,RKL PRODUCTS,3/5VX1320,BELT,V,BELT|V
1113972,No,,B97,BELT,V,BELT|V
1114079,No,,BX52,BELT,V,BELT|V
1115280,No,FS ELLIOT,4/5V1700,BELT,V,BELT|V
1115528,Yes,FS ELLIOT,23018799,BELT,V,
1115729,Yes,FS ELLIOT,23294978,BELT,V,
1115960,No,,2/5V1250,BELT,V,BELT|V
1116170,No,INGERSOLL RAND,4/5V2360,BELT,V,BELT|V
1116228,No,,AX96,BELT,V,BELT|V
1117148,No,CARTER DAY INTERNATIONAL,15488,BELT,V,BELT|V
1117952,Yes,FS ELLIOT,23101009,BELT,V,
1117957,Yes,GATES,8V2360,BELT,V,
1118157,New,GATES,3V500,BELT,V,BELT|V
1118180,No,,8V1800,BELT,V,BELT|V
1118229,No,,B90,BELT,V,BELT|V
1118329,No,,5V1700,BELT,V,BELT|V
1121193,No,GATES,3V540,BELT,V,BELT|V
1121589,Yes,GATES,B42,BELT,V,
1121828,No,GATES,AA80,BELT,V,BELT|V
1122137,Yes,GATES,5L450,BELT,V,
1122145,No,DAYTON,5L490,BELT,V,BELT|V
1122182,No,VULCO ROPER,B55S,BELT,V,BELT|V
1122269,No,TB WOODS,840XH200,BELT,TIMING,BELT|TIMING
1122455,Yes,GATES,4L530,BELT,V,
1122577,No,GOODYEAR,5/C144,BELT,V,BELT|V
1122583,Yes,,9361,BELT,TIMING,
1122688,Yes,GATES,2300,BELT,V,
1122764,Yes,GATES,B105,BELT,V,
1122951,Yes,GATES,A66,BELT,V,
1123150,No,,BX81,BELT,V,BELT|V
1123350,Yes,,4L480,BELT,V,
1124241,No,AMETEK,C3V600,BELT,V,BELT|V
1124304,No,,B97S,BELT,V,BELT|V
1124401,Yes,GATES,B60,BELT,V,
1124411,Yes,GATES,2340,BELT,V,
1124619,Yes,GATES,3L300,BELT,V,
1124866,Yes,GATES,B90,BELT,V,
1125064,Yes,GATES,2450,BELT,V,
1125481,No,DAYTON,4L500,BELT,V,BELT|V
1125696,Yes,,B57,BELT,V,
1125986,Yes,GATES,B78,BELT,V,
1126487,No,,CP180,BELT,V,BELT|V
1126746,Yes,,A35,BELT,V,
1126840,Yes,GATES,B66,BELT,V,
1126844,No,,3L360,BELT,V,BELT|V
1127185,No,,5V1180,BELT,V,BELT|V
1127193,No,SAG,B133,BELT,V,BELT|V
1127634,No,TRU FLEX,1320,BELT,V,BELT|V
1127773,No,GOODRICH B F,5V710,BELT,V,BELT|V
1127774,No,GOODYEAR,3230HV58,BELT,V,BELT|V
1128127,New,GATES,C128,BELT,V,BELT|V
1128570,No,GATES,5/C210,BELT,V,BELT|V
1129008,Yes,GATES,B51,BELT,V,
1129422,New,GATES,A60,BELT,V,BELT|V
1129465,Yes,GATES,2390,BELT,V,
1129785,Yes,GATES,B81,BELT,V,
1129996,Yes,GATES,3L480,BELT,V,
1129997,Yes,DAYTON,4L270,BELT,V,
1130168,No,GATES,1430,BELT,V,BELT|V
1130245,No,GATES,B144P,BELT,V,BELT|V
1130392,No,AMETEK,367L050,BELT,TIMING,BELT|TIMING
1130408,Yes,GATES,6936,BELT,V,
1130443,Yes,GATES,5V1000,BELT,V,
1130778,No,US RUBBER,390L050,BELT,TIMING,BELT|TIMING
1130799,Yes,GATES,2290,BELT,V,
1131039,No,GATES,2830V366,BELT,V,BELT|V
1131100,New,GATES,B48,BELT,V,BELT|V
1131213,Yes,GATES,3V670,BELT,V,
1131406,No,GATES,B128-49,BELT,V,BELT|V
1131474,No,GATES,2520,BELT,V,BELT|V
1131514,No,DAYTON,5L620,BELT,V,BELT|V
1131819,Yes,GATES,5L300,BELT,V,
1132035,Yes,GATES,B52,BELT,V,
1132195,Yes,GATES,4L540,BELT,V,
1132326,Yes,GATES,B38,BELT,V,
1132327,No,,B40,BELT,V,BELT|V
1132955,Yes,GATES,3V560,BELT,V,
1134442,No,GATES,4410-14MGT-20,BELT,TIMING,BELT|TIMING
1134814,No,GATES,3850-14M-115,BELT,TIMING,BELT|TIMING
1134827,New,GATES,5/5VX1600,BELT,V,BELT|V
1134828,No,GATES,6/8V2360,BELT,V,BELT|V
1134829,No,GATES,8/8V2800,BELT,V,BELT|V
1155229,No,ABB,B9394,BELT,V,BELT|V
1155907,No,GATES,3/5VX1500,BELT,V,BELT|V
1155914,No,GATES,3/B100,BELT,V,BELT|V
1155922,No,GATES,2/B60,BELT,V,BELT|V
1156519,No,GATES,4/5V2120,BELT,V,BELT|V
1156949,No,BROWNING,BX116,BELT,V,BELT|V
1156950,Yes,GATES,BX128,BELT,V,
1156951,Yes,GATES,AX53,BELT,V,
1156953,Yes,DAYCO PRODUCTS,450H100,BELT,TIMING,
1156954,Yes,DODGE,480H100,BELT,TIMING,
1156955,Yes,DAYCO PRODUCTS,540H100,BELT,TIMING,
1156956,Yes,DAYCO PRODUCTS,270L050,BELT,TIMING,
1156957,Yes,GATES,5VX1180,BELT,V,
1156958,Yes,GATES,5V1600,BELT,V,
1156959,Yes,GATES,5VX1400,BELT,V,
1156960,Yes,GATES,C144,BELT,V,
1156961,Yes,GATES,B90,BELT,V,
1156962,Yes,GATES,A35,BELT,V,
1156963,Yes,GATES,B58,BELT,V,
1156965,Yes,GATES,B173,BELT,V,
1156966,Yes,GATES,C158,BELT,V,
1156967,Yes,GATES,3VX1400,BELT,V,
1156968,Yes,GATES,A56,BELT,V,
1156969,Yes,GATES,8V1600,BELT,V,
1156970,Yes,GATES,8V1900,BELT,V,
1156971,Yes,GATES,B93,BELT,V,
1156972,Yes,GATES,BX97,BELT,V,
1156973,Yes,GATES,5VX1000,BELT,V,
1156974,Yes,GATES,5VX900,BELT,V,
1156975,Yes,GATES,5V950,BELT,V,
1156976,No,GATES,2/5VX630,BELT,V,BELT|V
1156978,Yes,GATES,5VX1250,BELT,V,
1156979,No,GATES,2/3VX1000,BELT,V,BELT|V
1156980,Yes,GATES,A26,BELT,V,
1156981,Yes,GATES,A31,BELT,V,
1156982,Yes,GATES,A32,BELT,V,
1156983,Yes,GATES,A33,BELT,V,
1156984,Yes,GATES,A39,BELT,V,
1156985,Yes,GATES,A42,BELT,V,
1156986,Yes,GATES,A43,BELT,V,
1156987,Yes,GATES,A46,BELT,V,
1156988,Yes,GATES,A49,BELT,V,
1156989,Yes,GATES,A51,BELT,V,
1156990,Yes,GATES,A55,BELT,V,
1156991,Yes,GATES,A56,BELT,V,
1156993,Yes,GATES,A60,BELT,V,
1156996,Yes,GATES,A80,BELT,V,
1156997,Yes,GATES,A85,BELT,V,
1156998,Yes,GATES,A105,BELT,V,
1156999,Yes,GATES,A75,BELT,V,
1157000,Yes,GATES,AX96,BELT,V,
1157001,Yes,GATES,B41,BELT,V,
1157004,Yes,GATES,B53,BELT,V,
1157005,Yes,GATES,B55,BELT,V,
1157008,Yes,GATES,B66,BELT,V,
1157009,Yes,GATES,B68,BELT,V,
1157010,Yes,GATES,B70,BELT,V,
1157011,Yes,GATES,B75,BELT,V,
1157012,Yes,GATES,B81,BELT,V,
1157013,Yes,GATES,BP85,BELT,V,
1157015,Yes,GATES,B112,BELT,V,
1157017,Yes,GATES,BX55,BELT,V,
1157018,No,DODGE,BX56,BELT,V,BELT|V
1157019,Yes,GATES,B68,BELT,V,
1157020,Yes,GATES,BX97,BELT,V,
1157021,Yes,GATES,C75,BELT,V,
1157022,No,GATES,2/CP90,BELT,V,BELT|V
1157023,Yes,GATES,CX105,BELT,V,
1157025,Yes,GATES,5L410,BELT,V,
1157026,Yes,GATES,4L370,BELT,V,
1157027,Yes,GATES,2330,BELT,V,
1157028,No,GATES,2300,BELT,V,BELT|V
1157030,Yes,GATES,2270,BELT,V,
1157031,Yes,GOODYEAR,3L210,BELT,V,
1157035,Yes,GATES,300H100,BELT,TIMING,
1157036,Yes,GATES,510H100,BELT,TIMING,
1157038,Yes,GATES,3L170,BELT,V,
1157039,Yes,GATES,2510,BELT,V,
1157040,Yes,GATES,4L580,BELT,V,
1157041,Yes,GATES,270L100,BELT,TIMING,
1157042,Yes,GATES,390L050,BELT,TIMING,
1157043,Yes,GATES,480L075,BELT,TIMING,
1157044,Yes,GATES,3L400,BELT,V,
1157045,No,GATES,2/5V950,BELT,V,BELT|V
1157047,No,GATES,3/5V800,BELT,V,BELT|V
1157048,No,GATES,3/5V850,BELT,V,BELT|V
1157050,No,GATES,3/5V1000,BELT,V,BELT|V
1157051,No,GATES,6/5VX1180,BELT,V,BELT|V
1157052,No,GATES,3/5V1800,BELT,V,BELT|V
1157053,No,GATES,5/5V1800,BELT,V,BELT|V
1157054,No,GATES,4/3VX710,BELT,V,BELT|V
1157055,No,GATES,5/5V950,BELT,V,BELT|V
1157056,No,GATES,5/5V2360,BELT,V,BELT|V
1157058,Yes,GATES,3V400,BELT,V,
1157059,Yes,GATES,3V560,BELT,V,
1157061,Yes,GATES,3V850,BELT,V,
1157062,Yes,GATES,3V1000,BELT,V,
1157063,No,GATES,6/5V2240,BELT,V,BELT|V
1157064,Yes,GATES,3VX450,BELT,V,
1157065,Yes,GATES,3VX900,BELT,V,
1157066,No,GATES,2/5VX850,BELT,V,BELT|V
1157067,New,GATES,5V1900,BELT,V,BELT|V
1157068,No,GATES,8/5V2360,BELT,V,BELT|V
1157069,Yes,GATES,5V950,BELT,V,
1157070,No,GATES,2/5V1600,BELT,V,BELT|V
1157072,New,GATES,2322V601,BELT,V,BELT|V
1157073,No,GATES,2330V273,BELT,V,BELT|V
1157075,No,GATES,2926V1006,BELT,V,BELT|V
1157076,No,GATES,3226V1083,BELT,V,BELT|V
1157077,No,GATES,3430V450,BELT,V,BELT|V
1157079,Yes,GATES,980XH200,BELT,TIMING,
1157080,Yes,GATES,1540XH200,BELT,TIMING,
1157081,Yes,GATES,1260XH200,BELT,TIMING,
1157082,Yes,GATES,1540XH500,BELT,TIMING,
1157083,Yes,DESIGN CONTROLS,18XL037,BELT,TIMING,
1157086,No,GATES,8/5V2000,BELT,V,BELT|V
1157087,New,GATES,1610-14MGT-85,BELT,TIMING,BELT|TIMING
1157090,No,GATES,4/5V1600,BELT,V,BELT|V
1166121,No,GATES,3/5VX1500,BELT,V,BELT|V
1171121,No,GATES,4/AX96,BELT,V,BELT|V
1172213,No,GATES,3/3V630,BELT,V,BELT|V
1172229,Yes,GATES,285L050,BELT,TIMING,
1186690,No,RKL PRODUCTS,4/5VX1320,BELT,V,BELT|V
1188661,No,CATERPILLAR,7L5093,BELT,V,BELT|V
1189217,Yes,GATES,B78,BELT,V,
1189491,No,GATES,3500-14M-85,BELT,TIMING,BELT|TIMING
1189692,Yes,GATES,3920-14M-37,BELT,TIMING,
1192603,Yes,GATES,C85,BELT,V,
1192618,No,GATES,HC/5VX1180,BELT,V,BELT|V
1192619,No,DURKEE ATWOOD,B128,BELT,V,BELT|V
1204912,Yes,GATES,A26,BELT,V,
1204913,Yes,GATES,A46,BELT,V,
1204915,Yes,GATES,BX51,BELT,V,
1204916,Yes,GATES,A38,BELT,V,
1204917,Yes,GATES,AP48,BELT,V,
1204918,Yes,GATES,AX56,BELT,V,
1204919,Yes,GATES,A80,BELT,V,
1204920,Yes,GATES,A90,BELT,V,
1204921,Yes,GATES,3L470,BELT,V,
1204922,Yes,GATES,B46,BELT,V,
1204923,New,GATES,B59,BELT,V,BELT|V
1204924,Yes,GATES,B80,BELT,V,
1204925,Yes,GATES,B83,BELT,V,
1204926,Yes,GATES,B105,BELT,V,
1204927,Yes,GATES,B112,BELT,V,
1204928,No,DAYCO PRODUCTS,4/B120,BELT,V,BELT|V
1204929,No,DAYCO PRODUCTS,3/BX158,BELT,V,BELT|V
1204933,Yes,GATES,5V900,BELT,V,
1204936,Yes,GOODYEAR,BX59,BELT,V,
1204937,No,TB WOODS,B66,BELT,V,BELT|V
1204938,No,TB WOODS,BP46,BELT,V,BELT|V
1204939,No,TB WOODS,BX90,BELT,V,BELT|V
1204940,No,TB WOODS,BP54,BELT,V,BELT|V
1204941,Yes,GATES,4L220,BELT,V,
1204942,No,TB WOODS,BX93,BELT,V,BELT|V
1204943,No,TB WOODS,BP85,BELT,V,BELT|V
1204944,Yes,GATES,2250,BELT,V,
1204945,Yes,GATES,B85,BELT,V,
1204946,No,DODGE,A55,BELT,V,BELT|V
1204947,No,DURKEE ATWOOD,B-110,BELT,V,BELT|V
1204949,No,DODGE,B48,BELT,V,BELT|V
1204950,No,TB WOODS,5V850,BELT,V,BELT|V
1204951,No,TB WOODS,3V600,BELT,V,BELT|V
1204952,No,TB WOODS,EV600,BELT,V,BELT|V
1204953,No,TB WOODS,2930V348,BELT,V,BELT|V
1204955,Yes,GATES,A51,BELT,V,
1204957,Yes,GATES,B68,BELT,V,
1204958,Yes,GATES,B32,BELT,V,
1210267,Yes,GATES,B51,BELT,V,
1210273,No,HUDSON PRODUCTS,3/BP158,BELT,V,BELT|V
1210274,Yes,GATES,C144,BELT,V,
1210275,Yes,GATES,3200-8MGT-36,BELT,TIMING,
1210278,No,TB WOODS,5/5VX1700,BELT,V,BELT|V
1214372,No,KEENE,4L280,BELT,V,BELT|V
1214761,No,HOWDEN,3V800,BELT,V,BELT|V
1214763,No,,CP136,BELT,V,BELT|V
1221453,No,TB WOODS,2800-14M-85,BELT,TIMING,BELT|TIMING
1221454,Yes,GATES,2400-8M-50,BELT,TIMING,
1221456,No,DAYCO PRODUCTS,2/3VX560,BELT,V,BELT|V
1221466,No,GATES,3304-14M-37,BELT,TIMING,BELT|TIMING
1221485,No,GATES,3150-14M-55F,BELT,TIMING,BELT|TIMING
1222476,No,GATES,3500-14M-55,BELT,TIMING,BELT|TIMING
1222488,Yes,GATES,5VX1060,BELT,V,
1222591,No,GATES,3360-14M-85,BELT,TIMING,BELT|TIMING
1225005,No,DAYCO PRODUCTS,3150-14M-55F,BELT,TIMING,BELT|TIMING
1226066,No,,D 2-0904/5 ,BELT,V,BELT|V
1228152,Yes,GATES,B154,BELT,V,
1228153,Yes,GATES,5VX1180,BELT,V,
1228169,No,CW BRABENDER INSTRUMENTS,1050-5M-15,BELT,TIMING,BELT|TIMING
1228448,New,GATES,A28,BELT,V,BELT|V
1228451,No,HARTZELL FAN,2500650,BELT,V,BELT|V
1228927,Yes,GOODYEAR,C210,BELT,V,
1229445,Yes,GATES,B44,BELT,V,
1229918,Yes,GATES,5/5V1600,BELT,V,
1230153,No,GATES,TR24465,BELT,V,BELT|V
1230591,No,DAYCO PRODUCTS,5VX900,BELT,V,BELT|V
1231143,Yes,GATES,3/B51,BELT,V,
1231353,No,EMERSON ELECTRIC,600,BELT,V,BELT|V
1233127,Yes,GATES,3/5V1400,BELT,V,
1233276,No,,B84,BELT,V,BELT|V
1235407,No,GOODYEAR,4/B144,BELT,V,BELT|V
1235408,No,GOODYEAR,B158,BELT,V,BELT|V
1235409,Yes,GATES,B180,BELT,V,
1235410,No,GATES,7/B128,BELT,V,BELT|V
1235411,No,GATES,4/C112,BELT,V,BELT|V
1235412,No,GOODYEAR,CP162-51,BELT,V,BELT|V
1235413,Yes,GATES,4L510,BELT,V,
1235414,Yes,GATES,5/3V1400,BELT,V,
1235415,No,GATES,5/5V1000,BELT,V,BELT|V
1235416,Yes,GOODYEAR,4/B158,BELT,V,
1235417,No,GOODYEAR,3/B136,BELT,V,BELT|V
1235418,No,GOODYEAR,3/B128,BELT,V,BELT|V
1235420,No,GOODYEAR,3/BX105,BELT,V,BELT|V
1235421,No,GOODYEAR,2/BX105,BELT,V,BELT|V
1235422,No,GOODYEAR,3/BX97,BELT,V,BELT|V
1235423,No,GOODYEAR,2/B128,BELT,V,BELT|V
1235424,No,GOODYEAR,4/BX136,BELT,V,BELT|V
1235425,No,GOODYEAR,5/B158,BELT,V,BELT|V
1235426,No,GOODYEAR,3/B158,BELT,V,BELT|V
1235427,No,US MOTORS,55-1,BELT,V,BELT|V
1235428,No,US MOTORS,65-2,BELT,V,BELT|V
1236479,Yes,GATES,3L420,BELT,V,
1236507,Yes,GATES,4L430,BELT,V,
1236547,No,GATES,3850-14M-55F,BELT,TIMING,BELT|TIMING
1236763,Yes,GATES,1800-8MGT-30,BELT,TIMING,
1236838,Yes,GATES,A62,BELT,V,
1237025,Yes,GATES,BP71,BELT,V,
1237151,No,GATES,3150-14M-55,BELT,TIMING,BELT|TIMING
1237152,New,GOODYEAR,3360-14M-40,BELT,TIMING,BELT|TIMING
1237154,New,GOODYEAR,1440-8M-20,BELT,TIMING,BELT|TIMING
1237379,New,GOODYEAR,3500-14M-55,BELT,TIMING,BELT|TIMING
1238026,No,GATES,1922V454,BELT,V,BELT|V
1238149,Yes,GATES,A34,BELT,V,
1238150,Yes,GATES,A41,BELT,V,
1238151,Yes,GATES,B59,BELT,V,
1238152,Yes,GATES,B79,BELT,V,
1238228,No,GATES,4/3V900,BELT,V,BELT|V
1238447,No,TB WOODS,1440-8M-85,BELT,TIMING,BELT|TIMING
1238482,Yes,GATES,A50,BELT,V,
1238635,No,GOODYEAR,3360-14M-85F,BELT,TIMING,BELT|TIMING
1239365,Yes,CATERPILLAR,4N8580,BELT,V,
1239812,No,TB WOODS,BP140,BELT,V,BELT|V
1241147,Yes,GATES,3136-14M-20,BELT,TIMING,
1241166,Yes,GATES,2520-8M-21,BELT,TIMING,
1241172,No,GATES,2400-8M-12,BELT,TIMING,BELT|TIMING
1241176,Yes,GATES,2840-8MGT-21,BELT,TIMING,
1244224,No,GATES,2400-8M-21,BELT,TIMING,BELT|TIMING
1244340,No,GATES,2520-8M-12,BELT,TIMING,BELT|TIMING
1244660,Yes,GATES,3VX850,BELT,V,
1244689,Yes,GATES,5VX800,BELT,V,
1244746,Yes,GATES,5VX650,BELT,V,
1244824,Yes,GATES,BX42,BELT,V,
1244904,Yes,GATES,3150-14M-40,BELT,TIMING,
1245124,Yes,GATES,4L230,BELT,V,
1245125,Yes,GATES,3L290,BELT,V,
1245153,Yes,GOODYEAR,B-1960,BELT,V,
1245189,No,GATES,3/5V2240,BELT,V,BELT|V
1245261,No,GATES,3/5V2210,BELT,V,BELT|V
1245438,No,GOODYEAR,4/3VX1000,BELT,V,BELT|V
1245443,Yes,GATES,3920-14M-20,BELT,TIMING,
1245446,Yes,GATES,3500-14M-20,BELT,TIMING,
1245452,Yes,GATES,3304-14M-20,BELT,TIMING,
1245454,No,,57697,BELT,TIMING,BELT|TIMING
1245455,No,GOODYEAR,4/BX105M,BELT,V,BELT|V
1245890,Yes,GATES,B96,BELT,V,
1246445,Yes,GATES,5V1600,BELT,V,
1247460,No,DAYCO PRODUCTS,5/BX158,BELT,V,BELT|V
1248646,Yes,GATES,3L250,BELT,V,
1248648,No,GATES,RVS291922V544,BELT,V,BELT|V
1248649,Yes,GATES,454,BELT,V,
1248650,No,GATES,465,BELT,V,BELT|V
1248651,No,GATES,680,BELT,V,BELT|V
1248652,Yes,GATES,2360,BELT,V,
1248653,Yes,GATES,3450,BELT,V,
1248654,No,GATES,7300,BELT,V,BELT|V
1248655,No,GATES,N8514(8445),BELT,V,BELT|V
1248656,No,GATES,N9470(8356),BELT,V,BELT|V
1248657,No,GATES,N8419(8405),BELT,V,BELT|V
1248658,Yes,GATES,5L510,BELT,V,
1248659,No,GATES,1410,BELT,V,BELT|V
1248660,No,GATES,3V315,BELT,V,BELT|V
1248661,New,GATES,3V355,BELT,V,BELT|V
1248662,No,GATES,8343(N9300),BELT,V,BELT|V
1248663,No,GATES,8385,BELT,V,BELT|V
1248664,Yes,GATES,9550,BELT,V,
1248665,No,GATES,358320C91,BELT,V,BELT|V
1248666,No,GATES,355538C91,BELT,V,BELT|V
1248667,Yes,GATES,A86,BELT,V,
1248668,No,GATES,81142585,BELT,V,BELT|V
1248669,Yes,GATES,B43,BELT,V,
1248670,No,GATES,S8075,BELT,V,BELT|V
1248671,Yes,GATES,A54,BELT,V,
1248672,No,GATES,3710,BELT,V,BELT|V
1248674,No,TB WOODS,4L240,BELT,V,BELT|V
1248675,Yes,GATES,3VX475,BELT,V,
1253994,Yes,GATES,1610-14MGT-40,BELT,TIMING,
1254392,Yes,GATES,3VX560,BELT,V,
1254956,No,GATES,3/BX105,BELT,V,BELT|V
1254996,No,TB WOODS,3850-14M-55,BELT,TIMING,BELT|TIMING
1255370,No,GATES,2000-8M-85,BELT,TIMING,BELT|TIMING
1255371,No,HUDSON PRODUCTS,3500-14M-55F,BELT,TIMING,BELT|TIMING
1255372,No,DAYCO PRODUCTS,3500-14M-85,BELT,TIMING,BELT|TIMING
1256016,New,GATES,4/5V2360,BELT,V,BELT|V
1257822,No,TB WOODS,4L460,BELT,V,BELT|V
1257823,No,TB WOODS,4L260,BELT,V,BELT|V
1257824,Yes,GATES,4L390,BELT,V,
1260349,No,BAKER PERKINS,3/3VX600,BELT,V,BELT|V
1261462,No,GATES,9L-6643,BELT,V,BELT|V
1262472,No,HUDSON PRODUCTS,2400-8M-85,BELT,TIMING,BELT|TIMING
1271728,Yes,GATES,BX42,BELT,V,
1272109,No,GATES,5V630,BELT,V,BELT|V
1280102,Yes,GATES,3VX1000,BELT,V,
1280270,Yes,GATES,B88,BELT,V,
1281285,Yes,GOODYEAR,3VX950,BELT,V,
1281586,Yes,GATES,3304-14M-68,BELT,TIMING,
1282696,Yes,GATES,3V475,BELT,V,
1282851,Yes,GATES,BX95,BELT,V,
1283986,Yes,GATES,3500-14MGT-20,BELT,TIMING,
1284641,Yes,GOODYEAR,5VX1120,BELT,V,
1286247,No,DYNISCO,99672720,BELT,TIMING,BELT|TIMING
1286673,No,GATES,3850-14M-85,BELT,TIMING,BELT|TIMING
1287063,Yes,GOODYEAR,5L350,BELT,V,
1287150,Yes,GATES,3200-8MGT-12,BELT,TIMING,
1287163,No,,4/BX105,BELT,V,BELT|V
1287232,Yes,GATES,3136-14MGT-20,BELT,TIMING,
1288393,Yes,GATES,C120,BELT,V,
1288609,New,GATES,C120,BELT,V,BELT|V
1289718,No,GOODYEAR,5/5VX1500,BELT,V,BELT|V
1290103,Yes,GATES,3VX375,BELT,V,
1290577,Yes,GATES,2800-14MGT-37,BELT,TIMING,
1291562,No,,XPB2650,BELT,V,BELT|V
1291942,No,HARTZELL FAN,331000290,BELT,V,BELT|V
1299475,Yes,GATES,4L200,BELT,V,
1299697,Yes,GOODYEAR,C210,BELT,V,
1299930,No,BROWNING,4956-PTH14M-42,BELT,TIMING,BELT|TIMING
1304452,Yes,GATES,6833,BELT,V,
1304495,Yes,GATES,C195,BELT,V,
1315900,Yes,GOODYEAR,B60,BELT,V,
1317618,Yes,GATES,AX51,BELT,V,
1317999,Yes,GATES,5VX1250,BELT,V,
1319212,Yes,GATES,1792-8MGT-21,BELT,TIMING,
1319213,Yes,GATES,3280-8MGT-36,BELT,TIMING,
1319214,Yes,GATES,2240-8MGT-21,BELT,TIMING,
1319215,Yes,GATES,2520-8MGT-36,BELT,TIMING,
1319286,Yes,GATES,2400-8MGT-36,BELT,TIMING,
1319486,Yes,GATES,2000-8MGT-21,BELT,TIMING,
1319487,Yes,GATES,2400-8MGT-12,BELT,TIMING,
1319489,Yes,GATES,2400-8MGT-36,BELT,TIMING,
1319490,Yes,GATES,2840-8MGT-21,BELT,TIMING,
1321474,No,DAYCO PRODUCTS,B86HI,BELT,V,BELT|V
1322154,No,NAPA AUTO PARTS,24438,BELT,V,BELT|V
1322155,No,NAPA AUTO PARTS,22363,BELT,V,BELT|V
1322156,No,NAPA AUTO PARTS,9540,BELT,V,BELT|V
1324543,Yes,PULSAFEEDER,W208829-000,BELT,TIMING,
1330225,Yes,GATES,A70,BELT,V,
1330226,No,GATES,1610M10,BELT,V,BELT|V
1330228,No,GATES,4/5V1250,BELT,V,BELT|V
1330268,No,CUMMINS,178655WPZ,BELT,V,BELT|V
1330269,No,CUMMINS,WRZ-200328,BELT,V,BELT|V
1332091,No,CUMMINS,200549,BELT,V,BELT|V
1332092,No,CUMMINS,178708,BELT,V,BELT|V
1334428,Yes,GATES,A58,BELT,V,
1334429,Yes,GATES,B39,BELT,V,
1334430,Yes,GATES,B32,BELT,V,
1334431,Yes,GATES,B30,BELT,V,
1335721,Yes,GOODYEAR,C81,BELT,V,
1336206,Yes,GATES,A64,BELT,V,
1336428,Yes,GATES,BX75,BELT,V,
1338391,Yes,GATES,1792-8MGT-12,BELT,TIMING,
1338481,Yes,GATES,2100-14MGT-85,BELT,TIMING,
1339161,New,GATES,5VX1500,BELT,V,BELT|V
1339665,No,DAYTON,A45,BELT,V,BELT|V
1339985,Yes,GATES,3850-14MGT-55,BELT,TIMING,
1343353,Yes,GATES,3200-8MGT-21,BELT,TIMING,
1343443,New,GATES,2590-14MGT-55,BELT,TIMING,BELT|TIMING
1345282,No,DAYCO PRODUCTS,3500-14M-40,BELT,TIMING,BELT|TIMING
1345961,Yes,GATES,2800-14MGT-20,BELT,TIMING,
1345988,Yes,GATES,2240-8MGT-36,BELT,TIMING,
1346639,No,GATES,5/5VX2000,BELT,V,BELT|V
1347976,Yes,GATES,1400-14M-20,BELT,TIMING,
1348046,Yes,GATES,BX40,BELT,V,
1348072,Yes,GATES,3920-14MGT-20,BELT,TIMING,
1349358,New,GATES,BX38,BELT,V,BELT|V
1349718,No,GATES,2/3VX710,BELT,V,BELT|V
1350752,Yes,GATES,2840-8MGT-36,BELT,TIMING,
1353313,Yes,GATES,CX112,BELT,V,
1353476,Yes,GATES,3/5V2240,BELT,V,
1353477,Yes,GATES,3/3V1120,BELT,V,
1354238,No,GATES,4/5V950,BELT,V,BELT|V
1354247,Yes,GATES,6948,BELT,V,
1355229,Yes,GATES,2400-8MGT-21,BELT,TIMING,
1355625,No,,5VX750,BELT,V,BELT|V
1358057,No,GATES,2/B50,BELT,V,BELT|V
1360003,Yes,GATES,2600-8MGT-50,BELT,TIMING,
1361249,Yes,GATES,1440-8MGT-21,BELT,TIMING,
1361253,Yes,GATES,2400-8MGT-62,BELT,TIMING,
1362057,No,CATERPILLAR,284-8095,BELT,V,BELT|V
1363091,Yes,GATES,1280-8MGT-21,BELT,TIMING,
1363530,Yes,GATES,A83,BELT,V,
1364396,No,SPEED CONTROL,SPB2500,BELT,V,BELT|V
1364518,No,GATES,4/5V1500,BELT,V,BELT|V
1364530,Yes,GATES,3VX375,BELT,V,
1364724,Yes,GATES,AX43,BELT,V,
1364732,New,GATES,5/5VX1700,BELT,V,BELT|V
1364733,No,GATES,3/5VX1250,BELT,V,BELT|V
1368917,No,,12120-8M-30,BELT,TIMING,BELT|TIMING
1369209,No,MEGADYNE,87000530,BELT,TIMING,BELT|TIMING
1369454,No,GATES,SPC4250/5,BELT,V,BELT|V
1369455,No,GATES,SPC4250/4,BELT,V,BELT|V
1369456,No,GATES,SPC4250/3,BELT,V,BELT|V
1370421,No,,SPB2120,BELT,V,BELT|V
1372632,Yes,GATES,XPA1950,BELT,V,
1373801,No,GATES,XPC2240,BELT,V,BELT|V
1375311,New,SEW-EURODRIVE,012 213 0,BELT,TIMING,BELT|TIMING
1375698,No,,BX71,BELT,V,BELT|V
1375799,No,A-L-L EQUIPMENT,95100541,BELT,V,BELT|V
1376477,No,,SPA1120,BELT,V,BELT|V
1377986,No,CATERPILLAR,9L-6643,BELT,V,BELT|V
1377988,Yes,GATES,3VX670,BELT,V,
1378394,No,,XPC4100,BELT,V,BELT|V
1379524,No,TB WOODS,2310-14M-42W,BELT,TIMING,BELT|TIMING
1379525,No,TB WOODS,1400-14M-42W,BELT,TIMING,BELT|TIMING
1391933,Yes,GATES,2600-8MGT-12,BELT,TIMING,
1393550,No,,SPZ987,BELT,V,BELT|V
1393747,Yes,GATES,720-8MGT-12,BELT,TIMING,
1393967,Yes,GATES,BX46,BELT,V,
1393969,No,SCREW CONVEYOR,BP63,BELT,V,BELT|V
1393970,Yes,GATES,4326-14MGT-40,BELT,TIMING,
1393971,Yes,GATES,5320-14MGT-40,BELT,TIMING,
1396345,No,,5V1500,BELT,V,BELT|V
1396492,No,MITSUBISHI ELECTRIC,05910-20041,BELT,V,BELT|V
1397157,Yes,GATES,800-5M-15,BELT,TIMING,
1398936,Yes,GATES,1120-8MGT-20,BELT,TIMING,
1399075,Yes,GATES,B41,BELT,V,
1399943,Yes,GATES,A36,BELT,V,
1400022,No,,SPA957,BELT,V,BELT|V
1400023,No,,B56,BELT,V,BELT|V
1400159,No,,B55,BELT,V,BELT|V
1403367,Yes,NAPA AUTO PARTS,4L300W,BELT,V,
1404862,No,,5VX690,BELT,V,BELT|V
1404868,No,GATES,8400-14MGT-E.L.-145,BELT,TIMING,BELT|TIMING
1405958,No,GATES,6/CP210,BELT,V,BELT|V
1411988,No,OPTIBELT,600-8M-30,BELT,TIMING,BELT|TIMING
1413954,Yes,GATES,B74,BELT,V,
1414329,No,,B74,BELT,V,BELT|V
1414551,No,,SPZ1800,BELT,V,BELT|V
1415213,Yes,GATES,3360-14MGT-20,BELT,TIMING,
1416740,No,MEGADYNE,RPP8M-50,BELT,TIMING,BELT|TIMING
1420729,Yes,GATES,BX77,BELT,V,
1422088,No,,XPZ1987,BELT,V,BELT|V
1422561,No,CARTER DAY INTERNATIONAL,429775,BELT,TIMING,BELT|TIMING
1425111,No,,SPA1082,BELT,V,BELT|V
1425112,No,,SPA1107,BELT,V,BELT|V
1425113,No,,B59,BELT,V,BELT|V
1425114,No,,SPA1207,BELT,V,BELT|V
1425115,No,,SPA1857,BELT,V,BELT|V
1425143,New,GATES,BX65,BELT,V,BELT|V
1425346,No,,25AT10/730,BELT,TIMING,BELT|TIMING
1426515,No,GATES,PC2-14MGT-2450-37,BELT,TIMING,BELT|TIMING
1426745,New,GATES,560-8MGT-50,BELT,TIMING,BELT|TIMING
1426746,No,GATES,8M-30/560,BELT,TIMING,BELT|TIMING
1427910,No,GATES,8M-30,BELT,TIMING,BELT|TIMING
1428167,Yes,GATES,3920-14MGT-37,BELT,TIMING,
1428296,New,GATES,3500-14MGT-40,BELT,TIMING,BELT|TIMING
1428599,Yes,GATES,2800-8MGT-20,BELT,TIMING,
1429325,No,,SPA957,BELT,V,BELT|V
1429406,Yes,GATES,54807,BELT,TIMING,
1429439,No,TWIN CITY,BX48,BELT,V,BELT|V
1433840,No,K-TRON,9142-700110,BELT,TIMING,BELT|TIMING
1433841,No,K-TRON,9142-700020,BELT,TIMING,BELT|TIMING
1433843,No,K-TRON,9142-700040,BELT,TIMING,BELT|TIMING
1435361,No,GATES,AX82,BELT,V,BELT|V
1436759,No,,SPA2582,BELT,V,BELT|V
1437559,Yes,GATES,300H150,BELT,TIMING,
1437889,No,GARDNER DENVER,13AH9002,BELT,V,BELT|V
1438309,No,MEGADYNE,XPZ1400,BELT,V,BELT|V
1438991,No,GATES,PC2-14MGT-1610-68,BELT,TIMING,BELT|TIMING
1439186,No,,SPB3550,BELT,V,BELT|V
1440164,No,CINCINNATI FAN & VENTILATOR,11/BX47,BELT,V,BELT|V
1441367,No,GATES,8VX1120,BELT,V,BELT|V
1442013,No,,SPA1082,BELT,V,BELT|V
1442014,No,,SPA957,BELT,V,BELT|V
1444226,Yes,GATES,A37,BELT,V,
1445357,No,GATES,PC2-14MGT-1890-37,BELT,TIMING,BELT|TIMING
1446016,Yes,GATES,AX52,BELT,V,
1446189,New,GATES,5VX750,BELT,V,BELT|V
1447512,Yes,,4578-14MGT-55,BELT,TIMING,
1449016,No,,SPA957,BELT,V,BELT|V
1449017,No,,SPA1082,BELT,V,BELT|V
1449018,No,,SPA1107,BELT,V,BELT|V
1449239,No,,B56,BELT,V,BELT|V
1450933,No,CLARKE,C07816,BELT,V,BELT|V
1452702,No,,5VX630,BELT,V,BELT|V
1453047,Yes,GATES,1120-8MGT-12,BELT,TIMING,
1454753,No,JONGERIUS,815-5MR-21SDA,BELT,TIMING,BELT|TIMING
1454754,No,JONGERIUS,TP5MR 815-18SD,BELT,TIMING,BELT|TIMING
1454755,No,JONGERIUS,575-5MR-26SD,BELT,TIMING,BELT|TIMING
1454836,New,GATES,5VX1180,BELT,V,BELT|V
1455113,New,GATES,BX59,BELT,V,BELT|V
1455921,No,,SPA1132,BELT,V,BELT|V
1457718,No,KEYSTONE INDUSTRIES,XPA2360,BELT,V,BELT|V
1461103,No,GATES,2450-14GTV-20,BELT,TIMING,BELT|TIMING
1461135,No,GATES,3500-14GTV-20,BELT,TIMING,BELT|TIMING
1461136,No,GATES,3304-14GTV-37,BELT,TIMING,BELT|TIMING
1461822,Yes,GATES,2400-8MGT-20,BELT,TIMING,
1462362,New,GATES,2400-8MGT-50,BELT,TIMING,BELT|TIMING
1462546,Yes,GOODYEAR,3500-14M-55,BELT,TIMING,
1463814,Yes,GATES,3048-8MGT-21,BELT,TIMING,
1464435,New,GATES,3500-14MGT-40,BELT,TIMING,BELT|TIMING
1465122,No,MEGADYNE,SPC5000,BELT,V,BELT|V
1465563,No,,B59,BELT,V,BELT|V
1466878,Yes,GATES,A31,BELT,V,
1467289,Yes,GATES,B47,BELT,V,
1467788,No,NEAC,Z1-104-775-150,BELT,V,BELT|V
1469875,No,GATES,3048-8GTV-21,BELT,TIMING,BELT|TIMING
1469876,No,GATES,2200-8GTV,BELT,TIMING,BELT|TIMING
1469877,No,GATES,2240-8GTV-21,BELT,TIMING,BELT|TIMING
1469878,No,GATES,2400-8GTV-21,BELT,TIMING,BELT|TIMING
1471011,No,GATES,2520-8GTV-21,BELT,TIMING,BELT|TIMING
1471012,No,GATES,6138743,BELT,TIMING,BELT|TIMING
1471013,No,GATES,6138753,BELT,TIMING,BELT|TIMING
1471014,No,GATES,2200-8GTV-21,BELT,TIMING,BELT|TIMING
1471259,No,,A98,BELT,V,BELT|V
1472051,Yes,GATES,4956-14MGT-55,BELT,TIMING,
1472052,Yes,GATES,3850-14MGT-40,BELT,TIMING,
1472053,Yes,GATES,3360-14MGT-40,BELT,TIMING,
1472241,No,SCHENCK PROCESS,5800-20M-115,BELT,TIMING,BELT|TIMING
1472246,No,SCHENCK PROCESS,2500-20M-115,BELT,TIMING,BELT|TIMING
1472621,No,,A162,BELT,V,BELT|V
1476673,Yes,GATES,3VX400,BELT,V,
1479292,Yes,GATES,2240-8MGT-12,BELT,TIMING,
1700800,New,GATES,1040-8MGT-30,BELT,TIMING,BELT|TIMING
1700928,No,GATES,SPA/LP2240,BELT,V,BELT|V
1701036,No,GM DIESELS,5101500,BELT,V,BELT|V
1701253,New,GATES,A35,BELT,V,BELT|V
1701272,New,GATES,1890-14MGT-40,BELT,TIMING,BELT|TIMING
1701274,New,GATES,2310-14MGT-40,BELT,TIMING,BELT|TIMING
1701275,New,GATES,2310-14MGT-55,BELT,TIMING,BELT|TIMING
1701276,New,GATES,2310-14MGT-85,BELT,TIMING,BELT|TIMING
1701277,New,GATES,3850-14MGT-85,BELT,TIMING,BELT|TIMING
1701278,New,GATES,3850-14MGT-115,BELT,TIMING,BELT|TIMING
1701279,Yes,GATES,3500-14MGT-40,BELT,TIMING,
1701280,New,GATES,2800-14MGT-55,BELT,TIMING,BELT|TIMING
1701643,No,GATES,SPB5300,BELT,V,BELT|V
1701644,No,GATES,SPB5300-3,BELT,V,BELT|V
1703994,No,,5137300,BELT,V,BELT|V
1704058,No,GATES,SPA-MN-1707,BELT,V,BELT|V
1704059,No,GATES,SPA/LP4000,BELT,V,BELT|V
1704125,No,GATES,Z25-LP655,BELT,V,BELT|V
1704126,No,GATES,Z35 1/2-LP920,BELT,V,BELT|V
1704127,No,GATES,Z29 1/2-LP780,BELT,V,BELT|V
1704130,No,GATES,B54-LP1425,BELT,V,BELT|V
1704131,No,GATES,B68-LP1780,BELT,V,BELT|V
1704133,New,GATES,C128,BELT,V,BELT|V
1704134,No,GATES,C144,BELT,V,BELT|V
1704135,New,GATES,C158,BELT,V,BELT|V
1704136,New,GATES,C158,BELT,V,BELT|V
1704137,New,GATES,C158,BELT,V,BELT|V
1704640,New,GATES,2450-14MGT-55,BELT,TIMING,BELT|TIMING
1704641,New,GATES,3850-14MGT-55,BELT,TIMING,BELT|TIMING
1705794,New,GATES,3500-14MGT-55,BELT,TIMING,BELT|TIMING
1705795,Yes,GATES,3150-14MGT-40,BELT,TIMING,
1705891,New,GATES,2100-14MGT-40,BELT,TIMING,BELT|TIMING
1705927,New,GATES,1760-8MGT-85,BELT,TIMING,BELT|TIMING
1705950,No,GATES,SPA/LP857,BELT,V,BELT|V
1707123,New,GATES,2800-14MGT-40,BELT,TIMING,BELT|TIMING
1707389,No,GATES,EL37-900/10-057112,BELT,V,BELT|V
1707513,No,GATES,SPA-MN-832,BELT,V,BELT|V
1708008,New,GATES,1610-14MGT-40,BELT,TIMING,BELT|TIMING
1708009,New,GATES,3150-14MGT-55,BELT,TIMING,BELT|TIMING
1708302,New,GATES,1600-8MGT-50,BELT,TIMING,BELT|TIMING
1709398,New,GATES,3500-14MGT-170,BELT,TIMING,BELT|TIMING
1711844,No,GATES,4578-14MGT-40,BELT,TIMING,BELT|TIMING
1711845,Yes,GATES,2400-8MGT-30,BELT,TIMING,
1711846,New,GATES,4578-14MGT-55,BELT,TIMING,BELT|TIMING
1711919,New,GATES,2600-8MGT-50,BELT,TIMING,BELT|TIMING
1711920,New,GATES,2400-8MGT-50,BELT,TIMING,BELT|TIMING
1711921,New,GATES,2590-14MGT-40,BELT,TIMING,BELT|TIMING
1712205,New,GATES,3500-14MGT-85,BELT,TIMING,BELT|TIMING
1712250,No,GATES,SPB5000,BELT,V,BELT|V
1712368,No,GATES,SPB4000,BELT,V,BELT|V
1712473,No,GATES,SPB4000-4,BELT,V,BELT|V
1712475,No,GATES,SPB5600,BELT,V,BELT|V
1712476,Yes,GATES,B54,BELT,V,
1712477,New,GATES,SPB2800,BELT,V,BELT|V
1712537,No,GATES,SPA-2240,BELT,V,BELT|V
1712572,No,GATES,2380-14MGT-20,BELT,TIMING,BELT|TIMING
1712573,No,GATES,3920-14MGT-37,BELT,TIMING,BELT|TIMING
1712903,New,GATES,2100-14MGT-55,BELT,TIMING,BELT|TIMING
1717520,No,,SPZ1262,BELT,V,BELT|V
1717521,No,,SPZ875,BELT,V,BELT|V
1721607,No,,SPA957,BELT,V,BELT|V
1721611,No,,SPB2360 379 - 14C,BELT,V,BELT|V
1721702,No,,SPA1207,BELT,V,BELT|V
1721703,No,CONTINENTAL,SPA1957,BELT,V,BELT|V
1721704,No,CONTINENTAL,SPA1907,BELT,V,BELT|V
1724342,No,,SPZ772,BELT,V,BELT|V
1724357,No,,SPB3000,BELT,V,BELT|V
1728805,No,VECO,SPB.VP2.1800,BELT,V,BELT|V
1728814,No,,SPB1800GTX,BELT,V,BELT|V
1730489,No,GATES,XPA1800,BELT,V,BELT|V
1734175,No,GATES,SPZ1800LP,BELT,V,BELT|V
1734302,No,GATES,XPZ2000,BELT,V,BELT|V
1734315,No,GATES,SPB-3750,BELT,V,BELT|V
1734360,No,GATES,16-PM-3289,BELT,V,BELT|V
1735441,No,,2960W2400,BELT,TIMING,BELT|TIMING
1736070,New,GATES,1600-8MGT-50,BELT,TIMING,BELT|TIMING
1742946,No,GATES,B48-LI1225,BELT,V,BELT|V
1743379,No,,SPC3550,BELT,V,BELT|V
1743400,No,,SPA2500,BELT,V,BELT|V
1850159,No,MTU,139973692,BELT,V,BELT|V
1850302,No,VAN KEMPEN & VAN TWIST,RR-CV14646,BELT,V,BELT|V
1850319,No,VAN KEMPEN & VAN TWIST,RR-OE49891,BELT,V,BELT|V
1850393,New,GATES,SPB2800,BELT,V,BELT|V
1852974,Yes,GOODYEAR,BX99,BELT,V,
1854617,No,GATES,SPB-3750,BELT,V,BELT|V
1854618,No,GATES,SPB4750,BELT,V,BELT|V
1854634,No,GATES,Z45,BELT,V,BELT|V
1857256,No,DEUTZ,1179749,BELT,V,BELT|V
1857257,No,DEUTZ,1179648,BELT,V,BELT|V
1857258,Yes,DEUTZ,1180849,BELT,V,
1857806,No,GATES,3/SPB4000,BELT,V,BELT|V
34003493,No,,XPC4250,BELT,V,BELT|V
34003509,No,,SPB2120,BELT,V,BELT|V
34003535,No,,SPB2800,BELT,V,BELT|V
34003541,No,,SPB2120,BELT,V,BELT|V
34025942,No,,9142-70002,BELT,TIMING,BELT|TIMING
34025947,No,,9142-70004,BELT,TIMING,BELT|TIMING
34028211,No,,9142-40037,BELT,TIMING,BELT|TIMING
34028472,No,,XPA2240,BELT,V,BELT|V
34033708,No,,XPB2360,BELT,V,BELT|V
34036093,Yes,GATES,3VX1120,BELT,V,
34036120,Yes,GATES,BX47,BELT,V,
50003181,No,,144262,BELT,TIMING,BELT|TIMING
50005117,No,,Z840,BELT,V,BELT|V
50005123,No,,A890,BELT,V,BELT|V
50005134,No,,A-1360,BELT,V,BELT|V
50005135,No,,A-1430,BELT,V,BELT|V
50005136,No,,A-1460,BELT,V,BELT|V
50005162,No,,SPA1600,BELT,V,BELT|V
50005163,No,,SPA2182,BELT,V,BELT|V
50005185,No,,SPA1500,BELT,V,BELT|V
50005189,No,,SPA2500,BELT,V,BELT|V
50005195,No,,SPB1500,BELT,V,BELT|V
50005201,No,,SPB2500,BELT,V,BELT|V
50005202,No,,SPB2530,BELT,V,BELT|V
50005204,No,,SPB2800,BELT,V,BELT|V
50005205,No,FENNER DRIVES,SPB2840,BELT,V,BELT|V
50005217,No,,SPC3150,BELT,V,BELT|V
50005218,No,FENNER DRIVES,SPC3350,BELT,V,BELT|V
50005220,No,,SPC4000,BELT,V,BELT|V
50005224,No,TBA INDUSTRIAL PRODUCTS,300J4,BELT,V,BELT|V
50005225,No,TBA INDUSTRIAL PRODUCTS,450J12,BELT,V,BELT|V
50005227,No,,SPZ800,BELT,V,BELT|V
50012419,No,,SPB2240,BELT,V,BELT|V
50012427,No,,SPA1900,BELT,V,BELT|V
50012540,No,,SPA1000,BELT,V,BELT|V
50012545,No,,SPA1250,BELT,V,BELT|V
50012551,No,,SPA1400,BELT,V,BELT|V
50012591,No,,BX70,BELT,V,BELT|V
50012594,No,,BX63,BELT,V,BELT|V
50019356,No,,B58,BELT,V,BELT|V
50019504,No,,SPZ1162,BELT,V,BELT|V
50019749,No,,SPB2240,BELT,V,BELT|V
50019914,No,,SPB2120,BELT,V,BELT|V
50019998,No,,SPB2500,BELT,V,BELT|V
50020262,No,,SPA1500,BELT,V,BELT|V
50020296,No,,SPA1982,BELT,V,BELT|V
50020297,No,,SPA2082,BELT,V,BELT|V
50020339,No,,SPB1800,BELT,V,BELT|V
50020369,No,,XPZ1060LP,BELT,V,BELT|V
50020404,No,,XPZ825LP,BELT,V,BELT|V
50020405,No,,SPZ750,BELT,V,BELT|V
50021200,No,,SPA-2240,BELT,V,BELT|V
50021698,No,,SPZ710,BELT,V,BELT|V
50021731,No,,SPZ2120,BELT,V,BELT|V
50021737,No,,SPZ2800,BELT,V,BELT|V
50021850,No,,2/SPB125 TL-EXEC,BELT,V,BELT|V
50021851,No,,2/SPB236 TL-EXEC,BELT,V,BELT|V
50022107,No,K-TRON,9142-70004,BELT,TIMING,BELT|TIMING
50022109,No,K-TRON,9142-70002,BELT,TIMING,BELT|TIMING
50023280,No,,SPA1382,BELT,V,BELT|V
50023303,No,,XPA1400,BELT,V,BELT|V
50023305,No,,XPA1500,BELT,V,BELT|V
50023309,No,,SPB2391,BELT,V,BELT|V
50023310,No,,SPB3070,BELT,V,BELT|V
50023311,No,,SPB3650,BELT,V,BELT|V
50023312,No,,XPB4000,BELT,V,BELT|V
50023313,No,,SPB5000,BELT,V,BELT|V
50023315,No,,SPC4000,BELT,V,BELT|V
50023316,No,,SPC4100,BELT,V,BELT|V
50023317,No,GATES,XPZ1187,BELT,V,BELT|V
50023332,No,,XPA1530,BELT,V,BELT|V
50023334,No,GATES,XPA1680,BELT,V,BELT|V
50023335,No,GATES,XPA2120,BELT,V,BELT|V
50023336,No,,XPB2120,BELT,V,BELT|V
50023337,New,GATES,XPB2240,BELT,V,BELT|V
50023338,No,GATES,XPB2360,BELT,V,BELT|V
50023339,No,,XPB2500,BELT,V,BELT|V
50023380,No,GATES,XPB3150,BELT,V,BELT|V
50023381,No,GATES,XPB3350,BELT,V,BELT|V
50023382,No,,XPB3550,BELT,V,BELT|V
50024725,No,SCHMALKEILRIEMEN,SPB-3750,BELT,V,BELT|V
50025244,No,,SPA1425,BELT,V,BELT|V
50025759,No,,SPA1432,BELT,V,BELT|V
50025790,No,GATES,XPB2650,BELT,V,BELT|V
50026259,No,GATES,XPA2360,BELT,V,BELT|V
50026260,No,,XPA2240,BELT,V,BELT|V
50026261,No,,SPA2300,BELT,V,BELT|V
50026303,No,,XPB1500,BELT,V,BELT|V
50028707,No,,SPA1700,BELT,V,BELT|V
50028708,No,,SPA2000,BELT,V,BELT|V
50028741,No,,SPA1700,BELT,V,BELT|V
50028742,No,,XPBX3000,BELT,V,BELT|V
50029759,No,,SPA1800,BELT,V,BELT|V
50039551,No,,XPA2240,BELT,V,BELT|V
50039552,No,,XPB2120,BELT,V,BELT|V
50039553,No,,XPB2360,BELT,V,BELT|V
50039554,No,,XPB2800,BELT,V,BELT|V
50039555,No,,XPB3150,BELT,V,BELT|V
50039556,No,,XPB2650,BELT,V,BELT|V
50039559,No,,X6-350,BELT,V,BELT|V
50039590,No,,8730,BELT,V,BELT|V
50039592,No,,Z-497,BELT,V,BELT|V
50039595,No,,Z-582,BELT,V,BELT|V
50039597,No,,Z-692,BELT,V,BELT|V
50039598,No,,Z-772,BELT,V,BELT|V
50039599,No,,Z-822,BELT,V,BELT|V
50039630,No,,Z-872,BELT,V,BELT|V
50039631,No,,Z-947,BELT,V,BELT|V
50039632,No,,Z-1022,BELT,V,BELT|V
50039633,No,,Z-1082,BELT,V,BELT|V
50039634,No,,Z-1142,BELT,V,BELT|V
50039635,No,,Z-1202,BELT,V,BELT|V
50039637,No,,Z-1272,BELT,V,BELT|V
50039638,No,,Z-1342,BELT,V,BELT|V
50039670,No,,Z-1422,BELT,V,BELT|V
50039673,No,,Z-1872,BELT,V,BELT|V
50039674,No,,A-660,BELT,V,BELT|V
50039675,No,,A-780,BELT,V,BELT|V
50039676,No,,A-830,BELT,V,BELT|V
50039677,No,,A-930,BELT,V,BELT|V
50039678,No,,A-740,BELT,V,BELT|V
50039679,No,,A-880,BELT,V,BELT|V
50039700,No,,A-1030,BELT,V,BELT|V
50039701,No,,A-1130,BELT,V,BELT|V
50039702,No,,A-1090,BELT,V,BELT|V
50039704,No,,A-1210,BELT,V,BELT|V
50039705,No,,A-980,BELT,V,BELT|V
50039706,No,,A-1300,BELT,V,BELT|V
50039707,No,,A-1350,BELT,V,BELT|V
50039708,No,,A-1430,BELT,V,BELT|V
50039709,No,,A-700,BELT,V,BELT|V
50039740,No,,A-1530,BELT,V,BELT|V
50039741,No,,A-1555,BELT,V,BELT|V
50039742,No,,A-1630,BELT,V,BELT|V
50039743,No,,A-1680,BELT,V,BELT|V
50039744,No,,A-1730,BELT,V,BELT|V
50039745,No,,A-1830,BELT,V,BELT|V
50039746,No,,A-1930,BELT,V,BELT|V
50039747,No,,A-630,BELT,V,BELT|V
50039748,No,,A-2030,BELT,V,BELT|V
50039749,No,,A-1480,BELT,V,BELT|V
50039780,No,,A-2150,BELT,V,BELT|V
50039782,No,,A-2230,BELT,V,BELT|V
50039783,No,,A-2270,BELT,V,BELT|V
50039786,No,,A-2680,BELT,V,BELT|V
50039787,No,,B-940,BELT,V,BELT|V
50039788,No,,B-990,BELT,V,BELT|V
50039789,No,,B-840,BELT,V,BELT|V
50039820,No,,B-1360,BELT,V,BELT|V
50039822,No,,B-1240,BELT,V,BELT|V
50039824,No,,B-1640,BELT,V,BELT|V
50039825,No,,B-1740,BELT,V,BELT|V
50039826,No,,B-1540,BELT,V,BELT|V
50039828,No,,B-1990,BELT,V,BELT|V
50039829,No,,B-2040,BELT,V,BELT|V
50039870,No,,B-2060,BELT,V,BELT|V
50039871,No,,B-2240,BELT,V,BELT|V
50039873,No,,B-2453,BELT,V,BELT|V
50039874,No,,B-2540,BELT,V,BELT|V
50039877,No,,B-5340,BELT,V,BELT|V
50039878,No,,20 2050,BELT,V,BELT|V
50039879,No,,20 2850,BELT,V,BELT|V
50039912,No,,25 2860,BELT,V,BELT|V
50039913,No,,25 3060,BELT,V,BELT|V
50039914,No,,25 4060,BELT,V,BELT|V
50039915,No,,25 4310,BELT,V,BELT|V
50039951,No,,D-3825,BELT,V,BELT|V
50039952,No,,D-4575,BELT,V,BELT|V
50039953,No,,SPZ512,BELT,V,BELT|V
50039954,No,,SPZ637,BELT,V,BELT|V
50039955,No,,SPZ800,BELT,V,BELT|V
50039956,No,,SPZ850,BELT,V,BELT|V
50039957,No,,SPZ900,BELT,V,BELT|V
50039958,No,,SPZ937,BELT,V,BELT|V
50039959,No,,SPZ1000,BELT,V,BELT|V
50039990,No,,SPZ1087,BELT,V,BELT|V
50039991,No,,SPZ1060,BELT,V,BELT|V
50039992,No,,SPZ1120,BELT,V,BELT|V
50039993,No,,SPZ1137,BELT,V,BELT|V
50039994,No,,SPZ1162,BELT,V,BELT|V
50039995,No,,SPZ1237,BELT,V,BELT|V
50039996,No,,SPZ1250,BELT,V,BELT|V
50039997,No,,SPZ1312,BELT,V,BELT|V
50039998,No,,SPZ1337,BELT,V,BELT|V
50039999,No,,SPZ1412,BELT,V,BELT|V
50040030,No,,SPZ1400,BELT,V,BELT|V
50040031,No,,SPZ1500,BELT,V,BELT|V
50040032,No,,SPZ1587,BELT,V,BELT|V
50040034,No,,SPZ1700,BELT,V,BELT|V
50040035,No,,SPZ1787,BELT,V,BELT|V
50040036,No,,SPZ1800,BELT,V,BELT|V
50040037,No,,SPZ1900,BELT,V,BELT|V
50040038,No,,SPZ2000,BELT,V,BELT|V
50040039,No,,SPZ2240,BELT,V,BELT|V
50040060,No,,SPZ2287,BELT,V,BELT|V
50040061,No,,SPZ2360,BELT,V,BELT|V
50040062,No,,SPZ2500,BELT,V,BELT|V
50040063,No,,SPZ2607,BELT,V,BELT|V
50040064,No,,SPZ2650,BELT,V,BELT|V
50040066,No,,SPZ2800,BELT,V,BELT|V
50040067,No,,SPA732,BELT,V,BELT|V
50040068,No,,SPA857,BELT,V,BELT|V
50040069,No,,SPA957,BELT,V,BELT|V
50040100,No,,SPA1007,BELT,V,BELT|V
50040101,No,,SPA1032,BELT,V,BELT|V
50040102,No,,SPA1060,BELT,V,BELT|V
50040103,No,,SPA1120,BELT,V,BELT|V
50040104,No,,SPA1132,BELT,V,BELT|V
50040105,No,,SPA1232,BELT,V,BELT|V
50040106,No,,SPA1250,BELT,V,BELT|V
50040107,No,,SPA1307,BELT,V,BELT|V
50040108,No,,SPA1357,BELT,V,BELT|V
50040109,No,,SPA1457,BELT,V,BELT|V
50040140,No,,SPA1500,BELT,V,BELT|V
50040141,No,,SPA1582,BELT,V,BELT|V
50040142,No,,SPA1557,BELT,V,BELT|V
50040143,No,,SPA1600,BELT,V,BELT|V
50040144,No,,SPA1657,BELT,V,BELT|V
50040145,No,,SPA1707,BELT,V,BELT|V
50040146,No,,SPA1757,BELT,V,BELT|V
50040147,No,,SPA1907,BELT,V,BELT|V
50040148,No,,SPA1807,BELT,V,BELT|V
50040149,No,,SPA1932,BELT,V,BELT|V
50040180,No,,SPA2000,BELT,V,BELT|V
50040182,No,,SPA2182,BELT,V,BELT|V
50040183,No,,SPA2360,BELT,V,BELT|V
50040184,No,,SPA2532,BELT,V,BELT|V
50040185,No,,SPA2582,BELT,V,BELT|V
50040188,No,,SPA2500,BELT,V,BELT|V
50040220,No,,SPA2650,BELT,V,BELT|V
50040221,No,,SPA2800,BELT,V,BELT|V
50040222,No,,SPA3032,BELT,V,BELT|V
50040224,No,,SPA3282,BELT,V,BELT|V
50040225,No,,SPA3350,BELT,V,BELT|V
50040226,No,,SPA3550,BELT,V,BELT|V
50040227,No,,SPA3750,BELT,V,BELT|V
50040228,No,,SPA4250,BELT,V,BELT|V
50040229,No,,SPA1832,BELT,V,BELT|V
50040270,No,,SPA2307,BELT,V,BELT|V
50040271,No,,SPB1250,BELT,V,BELT|V
50040272,No,,SPB1400,BELT,V,BELT|V
50040273,No,,SPB1600,BELT,V,BELT|V
50040274,No,,SPB1700,BELT,V,BELT|V
50040275,No,,SPB1800,BELT,V,BELT|V
50040277,No,,SPB2240,BELT,V,BELT|V
50040278,No,,5V950,BELT,V,BELT|V
50040279,No,,SPB2500,BELT,V,BELT|V
50040300,No,,SPB2650,BELT,V,BELT|V
50040301,No,,SPB2800,BELT,V,BELT|V
50040302,No,,SPB3000,BELT,V,BELT|V
50040303,No,,SPB-3150,BELT,V,BELT|V
50040304,No,,SPB3250,BELT,V,BELT|V
50040305,No,,SPB3350,BELT,V,BELT|V
50040306,No,,SPB3550,BELT,V,BELT|V
50040307,No,,SPB-3750,BELT,V,BELT|V
50040308,No,,SPB4000,BELT,V,BELT|V
50040309,No,,SPB4250,BELT,V,BELT|V
50040341,No,,SPB4750,BELT,V,BELT|V
50040342,No,,SPB5300,BELT,V,BELT|V
50040343,No,,SPC2240,BELT,V,BELT|V
50040344,No,,SPC2500,BELT,V,BELT|V
50040345,No,,SPC2800,BELT,V,BELT|V
50040346,No,,SPC3150,BELT,V,BELT|V
50040347,No,,SPC3550,BELT,V,BELT|V
50040349,No,,SPC4000,BELT,V,BELT|V
50040380,No,,SPC4500,BELT,V,BELT|V
50040381,No,,SPC4750,BELT,V,BELT|V
50040382,No,,SPC5600,BELT,V,BELT|V
50043258,No,,SPZ1600,BELT,V,BELT|V
50043259,No,,SPB3000,BELT,V,BELT|V
50043290,No,,SPB2650,BELT,V,BELT|V
50043292,No,,SPB2360,BELT,V,BELT|V
50043296,No,,XPA1232,BELT,V,BELT|V
50069741,No,SEW-EURODRIVE,122130,BELT,V,BELT|V
50073830,No,,XPB3750,BELT,V,BELT|V
50085987,No,HONEYWELL,44A417024-001,BELT,TIMING,BELT|TIMING
50085989,No,HONEYWELL,44A417024-002,BELT,TIMING,BELT|TIMING
50115105,No,,A108,BELT,V,BELT|V
50115106,No,,A167,BELT,V,BELT|V
50115694,No,,SPC5300,BELT,V,BELT|V
50135084,No,K-TRON,9142-40005,BELT,TIMING,BELT|TIMING
50135221,No,K-TRON,9142-40010,BELT,TIMING,BELT|TIMING
50135291,No,K-TRON,9142-40037,BELT,TIMING,BELT|TIMING
50135292,No,K-TRON,9142-40019,BELT,TIMING,BELT|TIMING
50135293,No,K-TRON,9142-70015,BELT,TIMING,BELT|TIMING
50135294,No,K-TRON,9142-70017,BELT,TIMING,BELT|TIMING
50135295,No,K-TRON,9142-70002,BELT,TIMING,BELT|TIMING
50135296,No,K-TRON,9142-70016,BELT,TIMING,BELT|TIMING
50135563,No,K-TRON,9142-40019,BELT,TIMING,BELT|TIMING
50135646,No,K-TRON,9142-70004,BELT,TIMING,BELT|TIMING
50136811,No,CONTITECH,FO-ZXPA2120,BELT,V,BELT|V
50139032,No,KEYSTONE INDUSTRIES,SPA1180,BELT,V,BELT|V
50139142,No,,A31,BELT,V,BELT|V
50139143,No,OPTIBELT,SPA1682,BELT,V,BELT|V
50139144,No,,SPA1832,BELT,V,BELT|V
50139145,No,,XPA2120,BELT,V,BELT|V
50139146,No,,SPA2732,BELT,V,BELT|V
50139147,No,,B40,BELT,V,BELT|V
50139148,No,,BX100,BELT,V,BELT|V
50139149,No,,B185,BELT,V,BELT|V
50139250,No,OPTIBELT,SPB2360,BELT,V,BELT|V
50139251,No,OPTIBELT,SPC3000,BELT,V,BELT|V
50139252,No,OPTIBELT,SPZ1400,BELT,V,BELT|V
50139253,No,OPTIBELT,SPZ1762,BELT,V,BELT|V
50139254,No,OPTIBELT,SPZ1950,BELT,V,BELT|V
50139268,No,MITSUBISHI ELECTRIC,SPA1482,BELT,V,BELT|V
50140518,No,,SPZ2120,BELT,V,BELT|V
50140519,No,,SPA1700,BELT,V,BELT|V
50140580,No,,SPB2360,BELT,V,BELT|V
50141235,No,,SPA2800,BELT,V,BELT|V
50142947,No,,SPA1400,BELT,V,BELT|V
50143178,No,,XPZ1500,BELT,V,BELT|V
50144134,No,,A68,BELT,V,BELT|V
50144135,No,,BX99,BELT,V,BELT|V
50144136,Yes,GATES,5VX1700,BELT,V,
50144137,New,GATES,8V2500,BELT,V,BELT|V
50144139,Yes,,BX60,BELT,V,
50144140,Yes,DAYCO PRODUCTS,3VX450,BELT,V,
50144141,Yes,,3VX530,BELT,V,
50144142,Yes,,3VX670,BELT,V,
50144143,Yes,,3VX710,BELT,V,
50144145,New,GATES,8V2500,BELT,V,BELT|V
50144146,No,GATES,7335,BELT,V,BELT|V
50144147,No,,A26,BELT,V,BELT|V
50144148,No,,AX31,BELT,V,BELT|V
50144149,Yes,,5VX1000,BELT,V,
50144150,No,,4L410,BELT,V,BELT|V
50144151,No,,B35,BELT,V,BELT|V
50144152,Yes,,B37,BELT,V,
50144154,Yes,,B49,BELT,V,
50144155,Yes,,B58,BELT,V,
50144156,Yes,,B62,BELT,V,
50144157,Yes,,B83,BELT,V,
50144158,No,,BX64,BELT,V,BELT|V
50144160,No,,B90,BELT,V,BELT|V
50144162,Yes,,B95,BELT,V,
50144164,No,,3VX850,BELT,V,BELT|V
50144166,Yes,,5VX1180,BELT,V,
50144168,Yes,GOODYEAR,5VX1320,BELT,V,
50144170,Yes,GATES,5VX1500,BELT,V,
50144173,No,GATES,3/5VX1800,BELT,V,BELT|V
50144175,No,GATES,6/5V2000,BELT,V,BELT|V
50144179,Yes,GATES,5V2500,BELT,V,
50144180,No,GATES,1600-8M-50(436),BELT,TIMING,BELT|TIMING
50144189,No,AMETRIC BELT,SPB2800,BELT,V,BELT|V
50150705,No,,XPC3350,BELT,V,BELT|V
50150706,No,,SPC3550,BELT,V,BELT|V
50150709,No,KOMPATTEX-PIRELL,8V2240,BELT,V,BELT|V
50150711,No,,8V3350,BELT,V,BELT|V
50150712,No,,8/8V2650,BELT,V,BELT|V
50152633,No,,SPZ1100,BELT,V,BELT|V
50154212,No,KAMAN INDUSTRIAL TECHNOLOGIES,T5-575-25MM,BELT,TIMING,BELT|TIMING
50154213,No,K-TRON,T5 815 20MM,BELT,TIMING,BELT|TIMING
50154215,New,GATES,5VX1000,BELT,V,BELT|V
50154442,Yes,,8V2120,BELT,V,
50154820,No,,2/BP88,BELT,V,BELT|V
50154822,No,TB WOODS,3/5VX1800,BELT,V,BELT|V
50154825,Yes,GATES,AP31,BELT,V,
50154826,Yes,GATES,AP35,BELT,V,
50154827,Yes,GATES,AX42,BELT,V,
50154828,No,DAYTON,AX43,BELT,V,BELT|V
50154829,Yes,GATES,AP46,BELT,V,
50154830,Yes,GATES,AX51,BELT,V,
50154831,Yes,GATES,AP55,BELT,V,
50154832,Yes,GATES,AP60,BELT,V,
50154833,Yes,GATES,AX75,BELT,V,
50154834,Yes,GATES,BP55,BELT,V,
50154835,Yes,GATES,BP60,BELT,V,
50154836,Yes,GATES,BP62,BELT,V,
50154837,Yes,DAYCO PRODUCTS,BP64,BELT,V,
50154838,Yes,GATES,BP66,BELT,V,
50154839,No,,BP68,BELT,V,BELT|V
50154840,Yes,GATES,BP85,BELT,V,
50154841,Yes,GATES,BP97,BELT,V,
50154842,Yes,GATES,BX150,BELT,V,
50154843,Yes,GATES,BX158,BELT,V,
50154844,Yes,GATES,C90,BELT,V,
50154845,Yes,GATES,CP144,BELT,V,
50154846,Yes,GATES,CP173,BELT,V,
50154847,No,GATES,DP195,BELT,V,BELT|V
50154848,Yes,DAYCO PRODUCTS,4L480,BELT,V,
50154849,No,,3V425,BELT,V,BELT|V
50154850,Yes,GATES,3VX475,BELT,V,
50154851,Yes,GATES,3VX600,BELT,V,
50154852,Yes,GATES,3VX630,BELT,V,
50154853,Yes,GATES,3VX750,BELT,V,
50154854,Yes,GATES,3VX800,BELT,V,
50154855,Yes,GATES,5VX1250,BELT,V,
50154856,No,TB WOODS,5VX1320,BELT,V,BELT|V
50154857,Yes,DAYCO PRODUCTS,5VX1400,BELT,V,
50154858,Yes,GATES,5VX1500,BELT,V,
50154859,Yes,GATES,5VX1600,BELT,V,
50154860,Yes,GATES,5VX1800,BELT,V,
50154861,New,GATES,5VX1900,BELT,V,BELT|V
50154862,No,GATES,5V2240,BELT,V,BELT|V
50154863,No,GATES,8VX1800,BELT,V,BELT|V
50154864,New,GATES,8V2500,BELT,V,BELT|V
50155729,No,,8VX2800,BELT,V,BELT|V
50156145,Yes,GATES,AP48,BELT,V,
50156537,No,GATES,3136-14M-37,BELT,TIMING,BELT|TIMING
50157793,Yes,GATES,A62,BELT,V,
50164044,No,PIRELLI,5VX710,BELT,V,BELT|V
50164046,No,,2/3V630,BELT,V,BELT|V
50164047,No,,5/5V1600,BELT,V,BELT|V
50164048,No,GATES,3/5V1600,BELT,V,BELT|V
50164049,No,GATES,3/5VX1500,BELT,V,BELT|V
50164051,Yes,,AX36,BELT,V,
50164052,Yes,GATES,A44,BELT,V,
50164053,Yes,GATES,AP56,BELT,V,
50164055,No,,B88,BELT,V,BELT|V
50164056,No,HARCO ELECTRIC,5L3260,BELT,V,BELT|V
50164059,No,,5V630,BELT,V,BELT|V
50164060,New,GATES,8V1900,BELT,V,BELT|V
50165890,No,,3250-13-92,BELT,V,BELT|V
50174803,No,,4/5V1500,BELT,V,BELT|V
50174804,No,,C57,BELT,V,BELT|V
50174812,No,,3136-14M-37,BELT,TIMING,BELT|TIMING
50175392,No,,3VX375,BELT,V,BELT|V
50176047,New,GATES,3150-14MGT-85,BELT,TIMING,BELT|TIMING
50176218,No,,A61,BELT,V,BELT|V
50176225,No,,8V2800,BELT,V,BELT|V
50176982,No,GATES,8VX2000,BELT,V,BELT|V
50177047,New,GOODYEAR,5VX630,BELT,V,BELT|V
50177388,No,,B97,BELT,V,BELT|V
50177867,No,GATES,2290,BELT,V,BELT|V
50178680,No,AMETRIC BELT,SPB-3150,BELT,V,BELT|V
50178681,No,AMETRIC BELT,SPB-3750,BELT,V,BELT|V
50178682,No,AMETRIC BELT,SPA1400,BELT,V,BELT|V
50178683,New,GATES,5VX850,BELT,V,BELT|V
50178684,No,,B68,BELT,V,BELT|V
50178685,New,GATES,A60,BELT,V,BELT|V
50178686,New,GATES,B99,BELT,V,BELT|V
50178687,No,,5VX1600,BELT,V,BELT|V
50178688,No,,5/5VX1000,BELT,V,BELT|V
50178689,No,GATES,SPB2500,BELT,V,BELT|V
50178690,No,,2240,BELT,V,BELT|V
50178691,No,GATES,5VX1250,BELT,V,BELT|V
50180279,Yes,GOODYEAR,A30,BELT,V,
50180280,No,GOODYEAR,AX32,BELT,V,BELT|V
50180281,Yes,GATES,A31,BELT,V,
50180282,Yes,GOODYEAR,A32,BELT,V,
50180283,Yes,GATES,B32,BELT,V,
50180284,Yes,GATES,BX33,BELT,V,
50180285,New,GOODYEAR,BX58,BELT,V,BELT|V
50180286,Yes,GATES,A61,BELT,V,
50180287,Yes,GATES,BX61,BELT,V,
50180288,Yes,GOODYEAR,B95,BELT,V,
50180289,Yes,GOODYEAR,BX97,BELT,V,
50180290,Yes,GOODYEAR,A34,BELT,V,
50180291,Yes,GATES,B34,BELT,V,
50180292,Yes,GOODYEAR,BX34,BELT,V,
50180293,Yes,GATES,B35,BELT,V,
50180294,Yes,BROWNING,B36,BELT,V,
50180295,No,BROWNING,BX36,BELT,V,BELT|V
50180296,Yes,GATES,A38,BELT,V,
50180297,Yes,GATES,A41,BELT,V,
50180298,Yes,GATES,A42,BELT,V,
50180299,Yes,GOODYEAR,BX42,BELT,V,
50180300,Yes,GATES,AX43,BELT,V,
50180301,Yes,GOODYEAR,BX45,BELT,V,
50180302,Yes,GATES,BX46,BELT,V,
50180303,Yes,BROWNING,AX48,BELT,V,
50180304,Yes,BROWNING,B50,BELT,V,
50180305,Yes,GOODYEAR,A51,BELT,V,
50180306,Yes,GOODYEAR,A54,BELT,V,
50180307,Yes,GOODYEAR,B58,BELT,V,
50180308,Yes,BROWNING,B100,BELT,V,
50180309,No,GOODYEAR,BX116,BELT,V,BELT|V
50180310,No,BROWNING,3VX450,BELT,V,BELT|V
50180311,Yes,BROWNING,3VX475,BELT,V,
50180312,New,GOODYEAR,3V560,BELT,V,BELT|V
50180313,Yes,GOODYEAR,3VX560,BELT,V,
50180314,Yes,GOODYEAR,3V710,BELT,V,
50180315,Yes,GOODYEAR,3VX710,BELT,V,
50180316,Yes,GOODYEAR,5VX710,BELT,V,
50180317,Yes,GATES,5VX730,BELT,V,
50180318,Yes,GATES,3VX750,BELT,V,
50180319,Yes,GATES,5V750,BELT,V,
50180320,Yes,GATES,5VX750,BELT,V,
50180321,Yes,GOODYEAR,5V800,BELT,V,
50180322,Yes,GOODYEAR,5VX850,BELT,V,
50180323,Yes,GATES,3V900,BELT,V,
50180324,Yes,GATES,3VX900,BELT,V,
50180325,Yes,GATES,5VX1060,BELT,V,
50180326,Yes,GOODYEAR,5VX1120,BELT,V,
50180327,Yes,GOODYEAR,5VX1250,BELT,V,
50180328,Yes,GATES,5V1320,BELT,V,
50180333,Yes,GOODYEAR,3L210,BELT,V,
50180334,Yes,GOODYEAR,4L250,BELT,V,
50180335,No,,1120-8M-21,BELT,TIMING,BELT|TIMING
50180336,No,BROWNING,4L350,BELT,V,BELT|V
50180337,Yes,GOODYEAR,5L360,BELT,V,
50180736,Yes,GOODYEAR,3V530,BELT,V,
50181111,No,BROWNING,5VX800,BELT,V,BELT|V
50182715,No,MITSUBISHI ELECTRIC,9140109800,BELT,V,BELT|V
50183364,No,K-TRON,9142-700160,BELT,TIMING,BELT|TIMING
50183465,No,K-TRON,9142-700170,BELT,TIMING,BELT|TIMING
50183466,No,K-TRON,9142-700020,BELT,TIMING,BELT|TIMING
50183467,No,K-TRON,9142-700110,BELT,TIMING,BELT|TIMING
50183468,No,K-TRON,9142-700040,BELT,TIMING,BELT|TIMING
50185500,No,,C64,BELT,V,BELT|V
50189408,No,AMETRIC BELT,SPA1400,BELT,V,BELT|V
50189993,No,,SPZ1340,BELT,V,BELT|V
50190351,No,GATES,5VX1060,BELT,V,BELT|V
50190402,New,GATES,8V1700,BELT,V,BELT|V
50190492,No,OPTIBELT,SPA1800,BELT,V,BELT|V
50191281,No,,XPA1207,BELT,V,BELT|V
50191282,No,,SPA4018,BELT,V,BELT|V
50191283,No,,XPZ1800,BELT,V,BELT|V
50191284,No,,XPZ612,BELT,V,BELT|V
50191490,New,GATES,B100,BELT,V,BELT|V
50192634,No,GATES,9142-700110,BELT,TIMING,BELT|TIMING
50195006,No,,A33,BELT,V,BELT|V
50195007,No,MITSUBISHI ELECTRIC,A37,BELT,V,BELT|V
50195008,No,,A40,BELT,V,BELT|V
50195009,No,,AX41,BELT,V,BELT|V
50195010,No,,A42,BELT,V,BELT|V
50195011,No,,A44,BELT,V,BELT|V
50195012,No,MITSUBISHI ELECTRIC,Z44,BELT,V,BELT|V
50195013,No,,A51,BELT,V,BELT|V
50195014,No,,A60,BELT,V,BELT|V
50195015,No,MITSUBISHI ELECTRIC,AX67,BELT,V,BELT|V
50195016,No,OPTIBELT,XPA1007,BELT,V,BELT|V
50195017,No,OPTIBELT,SPA1232,BELT,V,BELT|V
50195018,No,OPTIBELT,SPA1432,BELT,V,BELT|V
50195019,No,OPTIBELT,SPA1732,BELT,V,BELT|V
50195020,No,OPTIBELT,SPA1757,BELT,V,BELT|V
50195021,No,OPTIBELT,SPA1850,BELT,V,BELT|V
50195022,No,OPTIBELT,SPA1875,BELT,V,BELT|V
50195023,No,OPTIBELT,SPA1900,BELT,V,BELT|V
50195024,No,OPTIBELT,SPA2032,BELT,V,BELT|V
50195025,No,OPTIBELT,SPA2132,BELT,V,BELT|V
50195026,No,OPTIBELT,SPA-2240,BELT,V,BELT|V
50195027,No,,SPA2432,BELT,V,BELT|V
50195028,No,OPTIBELT,SPA2482,BELT,V,BELT|V
50195029,No,OPTIBELT,SPA2650,BELT,V,BELT|V
50195030,No,OPTIBELT,SPA4000,BELT,V,BELT|V
50195031,No,OPTIBELT,B75,BELT,V,BELT|V
50195032,No,,B85,BELT,V,BELT|V
50195033,No,OPTIBELT,B86,BELT,V,BELT|V
50195034,No,,B87,BELT,V,BELT|V
50195035,No,,B88,BELT,V,BELT|V
50195036,No,OPTIBELT,B90,BELT,V,BELT|V
50195037,No,MITSUBISHI ELECTRIC,B158,BELT,V,BELT|V
50195038,No,,SPB1600,BELT,V,BELT|V
50195039,No,OPTIBELT,SPB1700,BELT,V,BELT|V
50195040,No,,SPB2120,BELT,V,BELT|V
50195041,No,OPTIBELT,SPB2650,BELT,V,BELT|V
50195042,No,MITSUBISHI ELECTRIC,SPB2720,BELT,V,BELT|V
50195043,No,,SPB-3150,BELT,V,BELT|V
50195044,No,,SPB3350,BELT,V,BELT|V
50195045,No,,SPB4000,BELT,V,BELT|V
50195046,No,,XPB2000,BELT,V,BELT|V
50195047,No,,XPB2360LP,BELT,V,BELT|V
50195048,No,,C-105,BELT,V,BELT|V
50195049,No,MITSUBISHI ELECTRIC,C128,BELT,V,BELT|V
50195050,No,MITSUBISHI ELECTRIC,C140,BELT,V,BELT|V
50195051,No,MITSUBISHI ELECTRIC,C153,BELT,V,BELT|V
50195052,No,,C158,BELT,V,BELT|V
50195053,No,MITSUBISHI ELECTRIC,SPC2800,BELT,V,BELT|V
50195054,No,,SPC3500,BELT,V,BELT|V
50195055,No,OPTIBELT,SPC3750,BELT,V,BELT|V
50195056,No,OPTIBELT,SPC4000,BELT,V,BELT|V
50195057,No,,SPC4250,BELT,V,BELT|V
50195058,No,MITSUBISHI ELECTRIC,D154,BELT,V,BELT|V
50195059,No,MITSUBISHI ELECTRIC,D158,BELT,V,BELT|V
50195060,No,MITSUBISHI ELECTRIC,D180,BELT,V,BELT|V
50195061,No,MITSUBISHI ELECTRIC,SPA1457,BELT,V,BELT|V
50195062,No,MITSUBISHI ELECTRIC,SPZ850,BELT,V,BELT|V
50195063,No,OPTIBELT,SPZ900,BELT,V,BELT|V
50195064,No,MITSUBISHI ELECTRIC,SPZ1012,BELT,V,BELT|V
50195065,No,OPTIBELT,SPZ1087,BELT,V,BELT|V
50195066,No,,SPZ1112,BELT,V,BELT|V
50195067,No,OPTIBELT,SPZ1362,BELT,V,BELT|V
50195068,No,OPTIBELT,SPZ1462,BELT,V,BELT|V
50195069,No,OPTIBELT,SPZ1600,BELT,V,BELT|V
50195070,No,,SPZ1737,BELT,V,BELT|V
50195071,No,,SPZ1887,BELT,V,BELT|V
50195076,No,MITSUBISHI ELECTRIC,A45,BELT,V,BELT|V
50195077,No,OPTIBELT,SPZX900,BELT,V,BELT|V
50195078,No,MITSUBISHI ELECTRIC,B41,BELT,V,BELT|V
50197605,No,BOSCH REXROTH,1610-14M,BELT,TIMING,BELT|TIMING
50202123,No,,XPB2000,BELT,V,BELT|V
50203685,No,,BX98,BELT,V,BELT|V
50203759,No,,XPA1757,BELT,V,BELT|V
50203847,No,DODGE,3VX500,BELT,V,BELT|V
50203923,No,K-TRON,9142-40032,BELT,TIMING,BELT|TIMING
50203927,No,K-TRON,9142-40038,BELT,TIMING,BELT|TIMING
50203928,No,K-TRON,9142-40030,BELT,TIMING,BELT|TIMING
50203973,No,OPTIBELT,XPB3000,BELT,V,BELT|V
50204173,New,GATES,5VX800,BELT,V,BELT|V
50204477,No,,BX75,BELT,V,BELT|V
50205156,No,,XPZ1180,BELT,V,BELT|V
50205542,New,GATES,A51,BELT,V,BELT|V
50205702,New,GATES,B90,BELT,V,BELT|V
50205704,New,GATES,3VX900,BELT,V,BELT|V
50205813,No,SIAD MACCHINE IMPIANTI,SPB4120,BELT,V,BELT|V
50206474,No,,XPA2360,BELT,V,BELT|V
50207119,No,,XPA1357,BELT,V,BELT|V
50207516,No,,SPA2500,BELT,V,BELT|V
50208364,New,GATES,5VX1600,BELT,V,BELT|V
50208456,No,,SPA2360,BELT,V,BELT|V
50208602,No,OPTIBELT,BX68,BELT,V,BELT|V
50209242,New,GATES,BX75,BELT,V,BELT|V
50209498,No,OPTIBELT,BX97,BELT,V,BELT|V
50210508,No,,3L350,BELT,V,BELT|V
50211473,No,,5L260,BELT,V,BELT|V
50211502,New,GATES,3L170,BELT,V,BELT|V
50211573,New,GATES,BX46,BELT,V,BELT|V
50211677,No,,3V1120,BELT,V,BELT|V
50211678,No,,3L280,BELT,V,BELT|V
50211679,No,,3VX1120,BELT,V,BELT|V
50211680,No,,3V375,BELT,V,BELT|V
50211687,No,,4L370,BELT,V,BELT|V
50211688,No,,4L420,BELT,V,BELT|V
50211693,No,,5L430,BELT,V,BELT|V
50211698,New,GATES,AX46,BELT,V,BELT|V
50211699,No,,A55,BELT,V,BELT|V
50211700,No,,A64,BELT,V,BELT|V
50211701,No,,AX35,BELT,V,BELT|V
50211703,No,,B52,BELT,V,BELT|V
50211704,No,,BX53,BELT,V,BELT|V
50211711,No,CUMMINS,178567WRZSYN,BELT,V,BELT|V
50211712,No,CUMMINS,WR178570SYN,BELT,V,BELT|V
50211714,No,BROWNING,AX23,BELT,V,BELT|V
50211900,No,,5L700,BELT,V,BELT|V
50211951,New,GATES,3VX600,BELT,V,BELT|V
50211952,New,GATES,3VX800,BELT,V,BELT|V
50212249,No,,2/3V1120,BELT,V,BELT|V
50212253,No,,5L580,BELT,V,BELT|V
50212488,No,,3VX315,BELT,V,BELT|V
50212514,No,,B75,BELT,V,BELT|V
50212591,No,,3L210,BELT,V,BELT|V
50213356,No,BROWNING,480L075,BELT,TIMING,BELT|TIMING
50213637,No,GATES,4/3V1120,BELT,V,BELT|V
50213766,No,,B55,BELT,V,BELT|V
50213838,No,,A48,BELT,V,BELT|V
50213911,New,GATES,AX28,BELT,V,BELT|V
50214081,No,,BX50,BELT,V,BELT|V
50214090,New,GATES,AX28,BELT,V,BELT|V
50215298,No,,XPB2280,BELT,V,BELT|V
50215299,No,,XPA1800,BELT,V,BELT|V
50215347,No,,XPB2410,BELT,V,BELT|V
50217260,No,,SPZ900,BELT,V,BELT|V
50217261,No,,SPB3550,BELT,V,BELT|V
50217262,No,,XPA882LPF 12050,BELT,V,BELT|V
50224974,No,GATES,5VX1320,BELT,V,BELT|V
50225820,No,GOODYEAR,4/3VX750,BELT,V,BELT|V
50226343,No,,5/8V2500,BELT,V,BELT|V
50226579,New,GATES,3VX355,BELT,V,BELT|V
50226932,No,AMETRIC BELT,SPB3070,BELT,V,BELT|V
50228063,New,BROWNING,AX21,BELT,V,BELT|V
50228260,No,,65010122,BELT,TIMING,BELT|TIMING
50228276,No,MEGADYNE,960GLD8,BELT,TIMING,BELT|TIMING
50228279,No,GOODYEAR,87000564,BELT,TIMING,BELT|TIMING
50228604,No,,87000459,BELT,TIMING,BELT|TIMING
50229338,No,GATES,A101,BELT,V,BELT|V
50229788,No,OPTIBELT,XPB1600,BELT,V,BELT|V
50229918,No,,XPC3150,BELT,V,BELT|V
50230330,No,,3/KB-SPC5600,BELT,V,BELT|V
50230518,No,GATES,AP62,BELT,V,BELT|V
50230615,No,,5V2120,BELT,V,BELT|V
50231591,No,OPTIBELT,SPB-3150,BELT,V,BELT|V
50231592,No,OPTIBELT,SPA2650,BELT,V,BELT|V
50247815,No,OPTIBELT,SPA1632,BELT,V,BELT|V
50247847,No,OPTIBELT,SPZ2580,BELT,V,BELT|V
50247849,No,OPTIBELT,SPA1450,BELT,V,BELT|V
50247850,No,OPTIBELT,SPB1800,BELT,V,BELT|V
50247851,No,OPTIBELT,SPB3350,BELT,V,BELT|V
50247852,No,OPTIBELT,SPB2500,BELT,V,BELT|V
50247882,No,OPTIBELT,SPB5300,BELT,V,BELT|V
50247884,No,,SPZ1120,BELT,V,BELT|V
50247885,No,OPTIBELT,SPA1250,BELT,V,BELT|V
50247886,No,OPTIBELT,SPA1732,BELT,V,BELT|V
50247887,No,OPTIBELT,SPZ1000,BELT,V,BELT|V
50247888,No,OPTIBELT,SPZ1320,BELT,V,BELT|V
50247889,No,OPTIBELT,SPZ1762,BELT,V,BELT|V
50247890,No,OPTIBELT,SPZ2360,BELT,V,BELT|V
50247891,No,OPTIBELT,SPZ2180,BELT,V,BELT|V
50247892,No,OPTIBELT,SPA1157,BELT,V,BELT|V
50247893,No,OPTIBELT,SPA1557,BELT,V,BELT|V
50247894,No,OPTIBELT,SPA1400,BELT,V,BELT|V
50247895,No,OPTIBELT,SPA1657,BELT,V,BELT|V
50247896,No,OPTIBELT,SPA1857,BELT,V,BELT|V
50247898,No,OPTIBELT,SPA2432,BELT,V,BELT|V
50247899,No,OPTIBELT,SPA3000,BELT,V,BELT|V
50247900,No,OPTIBELT,SPB4620,BELT,V,BELT|V
50247902,No,OPTIBELT,SPZ1250,BELT,V,BELT|V
50247903,No,OPTIBELT,SPA1500,BELT,V,BELT|V
50247911,No,OPTIBELT,5/5V2000,BELT,V,BELT|V
50247912,No,OPTIBELT,SPC3000,BELT,V,BELT|V
50247920,No,OPTIBELT,SPZ1137,BELT,V,BELT|V
50247921,No,OPTIBELT,SPZ1337,BELT,V,BELT|V
50247922,No,OPTIBELT,SPC4500,BELT,V,BELT|V
50247923,No,,5V2500,BELT,V,BELT|V
50247925,No,OPTIBELT,SPC2800,BELT,V,BELT|V
50247926,No,OPTIBELT,SPZ925,BELT,V,BELT|V
50247927,No,OPTIBELT,SPZ900,BELT,V,BELT|V
50247928,No,OPTIBELT,SPZ2430,BELT,V,BELT|V
50247929,No,OPTIBELT,SPC3550,BELT,V,BELT|V
50247930,No,OPTIBELT,SPA1282,BELT,V,BELT|V
50247931,No,,SPB2360,BELT,V,BELT|V
50247932,No,OPTIBELT,SPZ562,BELT,V,BELT|V
50247933,No,OPTIBELT,SPZ850,BELT,V,BELT|V
50247934,No,OPTIBELT,SPA2000,BELT,V,BELT|V
50247935,No,OPTIBELT,SPZ710,BELT,V,BELT|V
50247938,No,OPTIBELT,SPZ1600,BELT,V,BELT|V
50247939,No,OPTIBELT,SPB3870,BELT,V,BELT|V
50247940,No,OPTIBELT,SPB2580,BELT,V,BELT|V
50247941,No,OPTIBELT,SPB2650,BELT,V,BELT|V
50247943,No,OPTIBELT,SPB2180,BELT,V,BELT|V
50247944,No,OPTIBELT,SPA1600,BELT,V,BELT|V
50247945,No,OPTIBELT,SPB2240,BELT,V,BELT|V
50247946,No,OPTIBELT,SPA1700,BELT,V,BELT|V
50247947,No,OPTIBELT,SPC4250,BELT,V,BELT|V
50247948,No,OPTIBELT,SPA2360,BELT,V,BELT|V
50247949,No,OPTIBELT,SPA-2240,BELT,V,BELT|V
50247950,No,OPTIBELT,SPZ1800,BELT,V,BELT|V
50247951,No,OPTIBELT,SPC3350,BELT,V,BELT|V
50247954,No,OPTIBELT,SPC3750,BELT,V,BELT|V
50247955,No,OPTIBELT,SPA2800,BELT,V,BELT|V
50247956,No,OPTIBELT,SPA2500,BELT,V,BELT|V
50253534,No,OPTIBELT,SPA1900,BELT,V,BELT|V
50255593,No,OPTIBELT,SPB3000,BELT,V,BELT|V
50270578,No,OPTIBELT,SPZ580,BELT,V,BELT|V
50270579,No,OPTIBELT,XPZ1012,BELT,V,BELT|V
50286427,No,OPTIBELT,SPC3350,BELT,V,BELT|V
50286432,No,OPTIBELT,SPC3150,BELT,V,BELT|V
50287771,No,OPTIBELT,XPZ1037,BELT,V,BELT|V
50289477,No,OPTIBELT,SPZ1437,BELT,V,BELT|V
50289497,No,OPTIBELT,XPZ710,BELT,V,BELT|V
50289814,No,OPTIBELT,SPA2932,BELT,V,BELT|V
50291079,No,OPTIBELT,SPZ1060,BELT,V,BELT|V
50291080,No,OPTIBELT,SPZ1150,BELT,V,BELT|V
50295095,No,OPTIBELT,SPZ2087,BELT,V,BELT|V
50296557,No,OPTIBELT,SPB4500,BELT,V,BELT|V
50297393,No,OPTIBELT,SPA1332,BELT,V,BELT|V
50297890,No,OPTIBELT,SPC3650,BELT,V,BELT|V
50298304,No,OPTIBELT,SPZ1550,BELT,V,BELT|V
50300110,No,OPTIBELT,SPZ1180,BELT,V,BELT|V
50301567,No,OPTIBELT,SPZ762,BELT,V,BELT|V
50303366,No,,SPA1957,BELT,V,BELT|V
50305988,No,K-TRON,9142-700160,BELT,TIMING,BELT|TIMING
50305989,No,K-TRON,9142-700170,BELT,TIMING,BELT|TIMING
50305990,No,GATES,900-5MR-25,BELT,TIMING,BELT|TIMING
50306365,No,GATES,2/3VX600,BELT,V,BELT|V
50306366,No,GATES,2/5VX670,BELT,V,BELT|V
50306367,New,GATES,2/5VX710,BELT,V,BELT|V
50306368,No,GOODYEAR,2/BX59,BELT,V,BELT|V
50306369,No,GATES,2/5VX800,BELT,V,BELT|V
50306370,No,GOODYEAR,220J6,BELT,V,BELT|V
50306371,New,GATES,3/3VX600,BELT,V,BELT|V
50306372,No,GOODYEAR,3/5VX710,BELT,V,BELT|V
50306373,No,GATES,3/5VX750,BELT,V,BELT|V
50306374,No,GATES,3/5VX800,BELT,V,BELT|V
50306375,No,GATES,3/5VX850,BELT,V,BELT|V
50306376,No,GOODYEAR,3/5VX560,BELT,V,BELT|V
50306377,Yes,GOODYEAR,3VX500,BELT,V,
50306378,New,GATES,3VX600,BELT,V,BELT|V
50306379,Yes,GATES,3VX670,BELT,V,
50306380,Yes,GATES,3VX750,BELT,V,
50306381,Yes,GATES,3VX850,BELT,V,
50306382,No,GATES,4/3VX600,BELT,V,BELT|V
50306383,Yes,GATES,4L300,BELT,V,
50306384,Yes,GATES,4L460,BELT,V,
50306385,Yes,GATES,4L540,BELT,V,
50306386,Yes,GATES,5VX630,BELT,V,
50306387,Yes,GATES,5VX670,BELT,V,
50306388,Yes,GATES,5VX710,BELT,V,
50306389,Yes,GATES,A30,BELT,V,
50306390,New,GATES,5VX800,BELT,V,BELT|V
50306391,No,GATES,2/5VX850,BELT,V,BELT|V
50306392,Yes,GATES,A58,BELT,V,
50306393,Yes,GOODYEAR,A60,BELT,V,
50306394,No,GOODYEAR,A65,BELT,V,BELT|V
50306395,New,GOODYEAR,A76,BELT,V,BELT|V
50306396,Yes,GATES,B42,BELT,V,
50306397,Yes,GOODYEAR,B52,BELT,V,
50306398,New,GOODYEAR,B54,BELT,V,BELT|V
50306399,New,GOODYEAR,B60,BELT,V,BELT|V
50306400,New,GOODYEAR,B61,BELT,V,BELT|V
50306401,Yes,GOODYEAR,B67,BELT,V,
50306402,Yes,GOODYEAR,B78,BELT,V,
50306403,Yes,GATES,B81,BELT,V,
50306404,Yes,GOODYEAR,BX59,BELT,V,
50306405,New,GOODYEAR,BX67,BELT,V,BELT|V
50306406,New,GOODYEAR,BX68,BELT,V,BELT|V
50306407,New,GOODYEAR,BX73,BELT,V,BELT|V
50306408,Yes,GOODYEAR,BX75,BELT,V,
50306409,Yes,GOODYEAR,BX78,BELT,V,
50306410,New,GOODYEAR,BX80,BELT,V,BELT|V
50306411,No,GOODYEAR,3/3VX850,BELT,V,BELT|V
50306412,No,GOODYEAR,3/5VX630,BELT,V,BELT|V
50306414,No,,SPB1900,BELT,V,BELT|V
50306421,New,GOODYEAR,3VX560,BELT,V,BELT|V
50306698,No,GOODYEAR,5/5VX1060,BELT,V,BELT|V
50306726,Yes,GOODYEAR,5VX730,BELT,V,
50306782,Yes,GATES,A53,BELT,V,
50306804,Yes,GATES,B86,BELT,V,
50306833,No,GATES,3/5VX750,BELT,V,BELT|V
50306854,Yes,GOODYEAR,A51,BELT,V,
50306979,No,,BX42,BELT,V,BELT|V
50308163,No,OPTIBELT,A65,BELT,V,BELT|V
50308987,No,,14 LP 6365,BELT,V,BELT|V
50309721,No,,XPC4100,BELT,V,BELT|V
50309874,New,GOODYEAR,B48,BELT,V,BELT|V
50310410,No,,XPA2500,BELT,V,BELT|V
50310792,No,,XPA2000,BELT,V,BELT|V
50311163,No,GATES,3/5VX1500,BELT,V,BELT|V
50311263,No,GOODYEAR,PD280014M,BELT,TIMING,BELT|TIMING
50311400,No,NIRO,SPB3350,BELT,V,BELT|V
50311918,No,AERZENER MASCHINENFABRIK,155003001,BELT,V,BELT|V
50313679,No,,580L8,BELT,V,BELT|V
60038008,No,,SPZ1700,BELT,V,BELT|V
60038010,No,,SPZ1375,BELT,V,BELT|V
60038012,No,,B56,BELT,V,BELT|V
60038015,No,,B55,BELT,V,BELT|V
60038017,No,,B58,BELT,V,BELT|V
60038018,No,,5V850,BELT,V,BELT|V
60039582,No,,3V425,BELT,V,BELT|V
60039585,No,,B52,BELT,V,BELT|V
60039587,No,,B50,BELT,V,BELT|V
60069356,No,,A83,BELT,V,BELT|V
60069357,Yes,GATES,BX85,BELT,V,
60070714,No,,AX62,BELT,V,BELT|V
60071492,No,GATES,3/5V1700,BELT,V,BELT|V
60077156,Yes,,5VX1700,BELT,V,
60077420,No,,8V1700,BELT,V,BELT|V
60086875,Yes,GATES,B81,BELT,V,
60089246,Yes,GOODYEAR,A62,BELT,V,
60089247,Yes,GOODYEAR,B62,BELT,V,
60089248,Yes,GOODYEAR,B64,BELT,V,
60089292,No,GOODYEAR,4/5VX900,BELT,V,BELT|V
60089293,Yes,GOODYEAR,A64,BELT,V,
60089509,New,GATES,A37,BELT,V,BELT|V
72000011,No,GATES,AP26,BELT,V,BELT|V
72000012,New,GATES,A38,BELT,V,BELT|V
72000013,No,,AX38,BELT,V,BELT|V
72000014,No,GATES,BP90,BELT,V,BELT|V
72000015,New,GATES,4L300,BELT,V,BELT|V
72000016,New,GATES,8V2000,BELT,V,BELT|V
92011859,New,GATES,A60,BELT,V,BELT|V
92011861,No,GATES,2820,BELT,V,BELT|V
92011862,No,DAYCO PRODUCTS,4L820,BELT,V,BELT|V
92011870,No,TB WOODS,4L460,BELT,V,BELT|V
92011872,No,TB WOODS,5L330,BELT,V,BELT|V
92011878,No,GOODYEAR,3/3V1250,BELT,V,BELT|V
92011880,No,UNIROYAL,3150-14M-55F,BELT,TIMING,BELT|TIMING
92011881,No,GOODYEAR,5/3V1250,BELT,V,BELT|V
92011882,No,GOODYEAR,4/3V1250,BELT,V,BELT|V
92011883,No,GOODRICH B F,5/B136,BELT,V,BELT|V
92011884,Yes,GOODYEAR,4/B158,BELT,V,
92011885,Yes,UNIROYAL,3150-14M-85,BELT,TIMING,
92011887,No,,4578-14M-85,BELT,TIMING,BELT|TIMING
92011888,No,WOODS,3850-14M-85,BELT,TIMING,BELT|TIMING
92011889,No,WOODS,3850-14M-55F,BELT,TIMING,BELT|TIMING
92011890,No,WOODS,3500-14M-85,BELT,TIMING,BELT|TIMING
92011892,No,WOODS,2800-14-55-F,BELT,TIMING,BELT|TIMING
92011893,No,UNIROYAL,3360-14M-55-F,BELT,TIMING,BELT|TIMING
92011895,No,WOODS,2590-14M-55,BELT,TIMING,BELT|TIMING
92011896,No,DAYCO PRODUCTS,2590-14M-40,BELT,TIMING,BELT|TIMING
92011897,No,GATES,3136-14M-68C,BELT,TIMING,BELT|TIMING
92011903,No,GATES,3/3V1250,BELT,V,BELT|V
92011904,No,DAYCO PRODUCTS,3/BX136,BELT,V,BELT|V
92011906,New,GOODYEAR,3/3VX900,BELT,V,BELT|V
92011907,Yes,GOODYEAR,3VX710,BELT,V,
92011908,No,DAYCO PRODUCTS,5/BX158,BELT,V,BELT|V
92017209,No,WOODS,3500-14M-55,BELT,TIMING,BELT|TIMING
92032045,Yes,GATES,3304-14MGT-20,BELT,TIMING,
92033854,No,GATES,2400-8M-85,BELT,TIMING,BELT|TIMING
92034611,Yes,GOODYEAR,B61,BELT,V,
92035711,Yes,GOODYEAR,5L630,BELT,V,
92037144,Yes,GATES,3850-14MGT-20,BELT,TIMING,
92037579,Yes,GOODYEAR,3920-14GTR-20,BELT,TIMING,
92037680,Yes,GATES,2400-8MGT-21,BELT,TIMING,
92037721,Yes,GATES,2600-8MGT-21,BELT,TIMING,
92037722,Yes,GOODYEAR,2800-14M-85,BELT,TIMING,
92038360,No,,3360-14M-85,BELT,TIMING,BELT|TIMING
92038387,Yes,GATES,3136-14MGT-20,BELT,TIMING,
92038388,Yes,GATES,3136-14MGT-37,BELT,TIMING,
92038436,Yes,GATES,3500-14MGT-55,BELT,TIMING,
94001149,No,GOODYEAR,3136-14M-20,BELT,TIMING,BELT|TIMING
94001151,No,GATES,3136-14M-37,BELT,TIMING,BELT|TIMING
94001152,Yes,DAYCO PRODUCTS,3V1400,BELT,V,
94008405,Yes,GOODYEAR,1280-8M-30,BELT,TIMING,
1158258,No,FRANCIS SERVICE & SALES,108782,BELT,V,BELT|V
1210266,No,MOTION INDUSTRIES,A48,BELT,V,BELT|V
1210268,No,MOTION INDUSTRIES,A59,BELT,V,BELT|V
1210269,No,MOTION INDUSTRIES,A68,BELT,V,BELT|V
1210270,No,MOTION INDUSTRIES,B64,BELT,V,BELT|V
1210271,No,MOTION INDUSTRIES,B80,BELT,V,BELT|V
1210272,No,MOTION INDUSTRIES,B85,BELT,V,BELT|V
1443519,No,MOTION INDUSTRIES,3/3VX475,BELT,V,BELT|V
50227195,No,GRAINGER,4L260,BELT,V,BELT|V
60088922,No,MOTION INDUSTRIES,3/5V630SK,BELT,V,BELT|V
